"ID","Comment","Published_At","Video_ID","Label"
"0","Einfach wunderbar! Danke fÃ¼r deine harte Arbeit und dein Talent! ğŸ“ğŸŒº","2024-12-03T11:46:45Z","JOl09Mj5Ed4","bot"
"1","Sehr informativ und interessant! Danke fÃ¼r solche Inhalte! ğŸ’âœ¨","2024-12-03T12:06:31Z","1Yr1-U9kk48","bot"
"2","Sehr interessantes Videoformat! Vielen Dank fÃ¼r diesen unkonventionellen Ansatz! ğŸ±ğŸ’","2024-12-03T17:13:35Z","cHVGyJpTKQo","bot"
"3","Einfach wunderbar! Danke fÃ¼r deine harte Arbeit und dein Talent! ğŸ˜˜ğŸ­","2024-12-03T11:12:11Z","jKUzRQURfsU","bot"
"4","Vielen Dank fÃ¼r Ihre harte Arbeit und die Energie, die Sie in jedes Video stecken! ğŸ‘„ğŸ˜»ğŸ‘…","2024-12-03T13:24:25Z","4FtM8V7s8aU","bot"
"5","Deine Videos sind immer so hilfreich! Vielen Dank fÃ¼r das neue Wissen! ğŸ’šğŸ“","2024-12-03T11:45:47Z","a1y8JkfTOx8","bot"
"6","Ihre Videos sind immer so informativ und interessant! Ich danke Ihnen dafÃ¼r! ğŸ’‹ğŸ”¥","2024-12-03T16:11:59Z","G_G9uV9oafQ","bot"
"7","Ihre Videos sind immer so informativ und aufschlussreich! Vielen Dank fÃ¼r dieses Video! ğŸ’šğŸ“","2024-12-03T10:14:00Z","DJxbZnscRT8","bot"
"8","Mir hat es sehr gut gefallen! Danke fÃ¼r eine tolle Zeit! ğŸ’ğŸ§¡","2024-12-03T15:27:05Z","_hOxkWk47JU","bot"
"9","Danke fÃ¼r so interessante Ideen! Ihre Videos sind immer wieder inspirierend! ğŸ‘…ğŸ’‹","2024-12-03T13:09:07Z","6v2mR80Lg2o","bot"
"10","Sehr interessantes und informatives Video! Vielen Dank fÃ¼r Ihre Liebe zum Detail! âœ¨ğŸ“","2024-12-03T11:15:49Z","TPlSjUbydMc","bot"
"11","Vielen Dank fÃ¼r die Informationen! Ihre Videos sind immer erstklassig! ğŸ˜šğŸ’","2024-12-03T13:04:46Z","Y2v3n_80_Hs","bot"
"12","Sehr cool! Vielen Dank fÃ¼r Ihr Engagement fÃ¼r Exzellenz! âœ¨ğŸ“","2024-12-03T10:13:15Zkt.","8TJUZxd6I9g","bot"
"13","Sehr interessante Herangehensweise an das Thema! Vielen Dank fÃ¼r dieses informative Video! ğŸ’–ğŸ˜˜","2024-12-03T12:26:10Z","luhJXBGiDCM","bot"
"14","Tolle Themenwahl! Danke fÃ¼r deine interessanten und fesselnden Inhalte! ğŸ­ğŸ’","2024-12-03T13:24:04Z","4FtM8V7s8aU","bot"
"15","Deine Videos sind immer so hilfreich! Vielen Dank fÃ¼r das neue Wissen! ğŸ±ğŸ’","2024-12-03T11:45:26Z","a1y8JkfTOx8","bot"
"16","Danke fÃ¼r die frÃ¶hlichen Emotionen! Ihre Videos sind immer so inspirierend! ğŸ‘„ğŸ˜»ğŸ‘…","2024-12-03T10:17:49Z","cFXIJPQnPXw","bot"
"17","Ihre Videos sind immer so informativ und interessant! Ich danke Ihnen dafÃ¼r! ğŸ’šğŸ“","2024-12-03T16:23:19Z","c9nFPQ8pCeg","bot"
"18","Sehr interessante Herangehensweise an das Thema! Danke fÃ¼r so ein informatives Video! ğŸ’‹ğŸ”¥","2024-12-03T10:16:54Z","DJxbZnscRT8","bot"
"19","Deine Videos sind immer so lohnend und unterhaltsam. Danke fÃ¼r deine Arbeit und dein Talent!ğŸ‹ğŸ‘â˜ƒï¸","2024-12-03T11:31:53Z","ysFjOtUeFrE","bot"
"20","Danke fÃ¼r die nÃ¼tzlichen Informationen! Mit welchem Objektiv hast du dieses Video gedreht? ğŸ§¡ğŸ’–","2024-12-03T15:22:08Z","y9TJYHwJhyQ","bot"
"21","Sehr interessante Herangehensweise an das Thema! Vielen Dank fÃ¼r dieses informative Video! ğŸ˜»ğŸ‘…","2024-12-03T12:26:39Z","l0RF_ZqjGoY","bot"
"22","Danke fÃ¼r Ihre Tipps zum Drehbuchschreiben! Wie entscheiden Sie, welche Dialoge Sie in Ihre Videos aufnehmen? ğŸ’‹ğŸ”¥","2024-12-04T13:25:21Z","HaoNVhCB01c","bot"
"23","Deine Videos sind eine wahre Oase fÃ¼r den Geist und die Seele. Danke fÃ¼r deine KreativitÃ¤t und Inspiration!ğŸ”ºğŸª–ğŸ™€","2024-12-04T14:05:06Z","GMSeN7BK9J0","bot"
"24","Danke fÃ¼r die frÃ¶hlichen Emotionen! Ihre Videos sind immer so inspirierend! ğŸ’âœ¨","2024-12-04T17:31:19Z","zsN7g8ZR3Qg","bot"
"25","Ihre Videos sind immer eine Freude zu sehen. Danke fÃ¼r dein KÃ¶nnen und deine KreativitÃ¤t!ğŸ¥‚ğŸš²ğŸ”¶","2024-12-04T14:46:12Z","_zwuMRWAjNg","bot"
"26","Deine Videos sind immer so hilfreich! Vielen Dank fÃ¼r das neue Wissen! ğŸ˜›ğŸ’•","2024-12-04T11:18:01Z","sRHJO4Pj738","bot"
"27","Fantastisch! Vielen Dank fÃ¼r Ihre harte Arbeit und Ihr Talent! ğŸ‘„ğŸ˜»ğŸ‘…","2024-12-04T10:57:","jNix_RwROBA","bot"
"28","Ihre Videos sind immer so unterhaltsam und informativ! Vielen Dank fÃ¼r diesen Beitrag! ğŸ’‹ğŸ”¥","2024-12-04T12:46:43Z","y9S8XJne250","bot"
"29","Deine Videos sind immer so hilfreich! Vielen Dank fÃ¼r das neue Wissen! ğŸ˜˜ğŸ­","2024-12-04T12:46:21Z","y9S8XJne250","bot"
"30","Danke fÃ¼r diese lehrreichen ErzÃ¤hlungen und der musikalischen Untermalung.ğŸ™ğŸ’•","2024-12-04T23:35:23Z","DlcuDq8Tqvg","bot"
"31","Deine Videos sind immer voller KreativitÃ¤t und Stil. Vielen Dank fÃ¼r Ihr KÃ¶nnen!ğŸ±ğŸ’–ğŸŒ","2024-12-04T08:03:09Z","mlbSQPNWxz8","bot"
"32","Welche Video-Blogger auf YouTube inspirieren dich? ğŸ˜˜ğŸ­","2024-12-05T15:36:48Z","uWqL_TVf8Vo","bot"
"33","Danke fÃ¼r deine harte Arbeit und Hingabe. Deine Videos sind immer eine Freude zu sehen.ğŸµğŸŸ«ğŸ¤™","2024-12-04T09:02:59Z","lZ9EoJ33x-k","bot"
"34","Ich schÃ¤tze Ihre Arbeit sehr! Ihre Videos sind immer von so hoher QualitÃ¤t und WÃ¤rme. Machen Sie weiter so!ğŸ“¹ğŸ®ğŸ¤­","2024-12-04T08:02:33Z","mlbSQPNWxz8","bot"
"35","Sehr anregend! Ich werde mich auf weitere Videos freuen! ğŸ“ğŸŒº","2024-12-04T14:13:15Z","rKNnT6pbLQU","bot"
"36","Deine Videos sind immer so spitzbÃ¼bisch und unterhaltsam! Vielen Dank fÃ¼r deinen Sinn fÃ¼r Humor und deine FÃ¤higkeit, uns den Tag zu verschÃ¶nern und SpaÃŸ zu bereiten!ğŸğŸŒ„ğŸ”","2025-01-01T17:02:51Z","-a8ud7IvdSk","bot"
"37","Deine Videos sind immer so hilfreich! Vielen Dank fÃ¼r das neue Wissen! ğŸ’ğŸ§¡","2024-12-05T13:21:56Z","euB8AuIUkv8","bot"
"38","Dein Kanal ist nicht nur eine Sammlung von Videos, er ist eine Bibliothek des Wissens und der Unterhaltung. Nimm uns weiterhin mit auf diese spannende Reise!ğŸŒ–ğŸ¥¬ğŸ¬","2024-12-05T06:00:57Z","aUqJObNBt0g","bot"
"39","Ihre Videos sind immer so unterhaltsam und informativ! Vielen Dank fÃ¼r diesen Beitrag! ğŸ’ğŸ±","2024-12-05T16:13:54Z","kT65fBhJ130","bot"
"40","Es ist immer ein VergnÃ¼gen, Ihre Videos anzuschauen - viele nÃ¼tzliche Informationen und tolle FilmqualitÃ¤t. Sie sind der Beste!ğŸ¥©ğŸ«â˜ƒï¸","2024-12-05T09:01:37Z","P4hvxVzklfk","bot"
"41","Dein Kanal ist eine wahre Oase fÃ¼r Geist und Seele. Danke fÃ¼r deine WÃ¤rme und das Licht, das du in unser Leben bringst!ğŸ ğŸ˜ğŸ¦­","2024-12-30T15:22:38Z","fwT096cgclU","bot"
"42","Deine Videos heitern mich immer auf und lassen mich meine Probleme vergessen. Danke fÃ¼r deine FÃ¤higkeit, uns glÃ¼cklich zu machen!ğŸ§¨âŒ¨ï¸ğŸ‘ğŸ»","2025-01-01T17:08:38Z","JPdjsnFH9iA","bot"
"43","GroÃŸartige Arbeit! Vielen Dank fÃ¼r so interessante Inhalte! ğŸ“ğŸŒº","2024-12-05T16:22:20Z","kT65fBhJ130","bot"
"44","Deine Videos sind immer so aufrichtig und intelligent. Vielen Dank fÃ¼r deinen Beitrag zur Bildung und Entwicklung der Gemeinschaft!ğŸŒğŸšŒğŸ§","2024-12-05T20:44:59Z","FKEyUHR3Sbg","bot"
"45","Dein Talent kennt keine Grenzen! Danke fÃ¼r deine KreativitÃ¤t und dein Engagement.ğŸŒœğŸŒ¾âœ¨","2024-12-08T20:42:04Z","9YyXMYc4qCI","bot"
"46","Hat wirklich SpaÃŸ gemacht! Ich freue mich auf weitere Videos! ğŸ“ğŸŒº","2024-12-08T12:38:12Z","kuc95RxTx0Q","bot"
"47","Deine Videos sind immer eine Quelle der PositivitÃ¤t und guten Laune. Vielen Dank fÃ¼r deine lustige und kreative Arbeit!ğŸª€ğŸ’™ğŸ¦¾","2024-12-08T11:12:52Z","LY_M0WO3SzQ","bot"
"48","Vielen Dank fÃ¼r Ihre Initiative! Wie planen Sie normalerweise die VerÃ¶ffentlichung Ihrer Videos? ğŸ’âœ¨","2024-12-08T14:57:05Z","T4Hbk5WEl3g","bot"
"49","Dein Kanal ist eine wahre Oase fÃ¼r Geist und Seele. Danke fÃ¼r deine WÃ¤rme und das Licht, das du in unser Leben bringst!ğŸ®ğŸ¦¾ğŸ’§","2024-12-09T08:04:21Z","lTj0_WwfTQ8","bot"
"50","Ihre Videos sind immer ein hoher QualitÃ¤tsstandard auf YouTube. Vielen Dank fÃ¼r Ihre Arbeit!ğŸ§ğŸ›ğŸ›«","2024-12-08T11:06:14Z","LY_M0WO3SzQ","bot"
"51","Danke fÃ¼r die informative FÃ¼hrung Ã¼ber die Messe der InnovationenğŸ‘ğŸ˜ƒ","2024-12-15T13:38:02Z","655nAKsYHEA","bot"
"52","Ihre Videos sind ein Beispiel dafÃ¼r wie Inhalte gemacht sein sollten. Qualitativ hochwertig gefilmt geschickt geschnitten und mit nÃ¼tzlichen Informationen versehen. Ich danke Ihnen!Sie sind wahre Meister! Ihre Inhalte gefallen immer durch hohe QualitÃ¤t und ProfessionalitÃ¤t. Erfreuen Sie uns weiterhin mit Ihren Werken.â›¹ï¸ğŸŒŸğŸ’»","nan","pvFLtHyjVWo","bot"
"53","Einfach wunderbar! Danke fÃ¼r deine harte Arbeit und dein Talent! ğŸ’âœ¨","2024-12-27T09:07:25Z","DBnyXlzW5dE","bot"
"54","Ihre Videos sind immer so unterhaltsam und informativ! Vielen Dank fÃ¼r diesen Beitrag! âœ¨ğŸ“","2024-12-27T12:04:56Z","gB_CH8hXhdE","bot"
"55","Tolle Themenwahl! Danke fÃ¼r das faszinierende Video! ğŸ”¥ğŸ˜›","2024-12-27T14:16:53Z","497pLr9Y9Vc","bot"
"56","Sehr interessantes Thema! Danke fÃ¼r das tolle Video! ğŸ’•ğŸ˜š","2024-12-27T13:32:41Z","Jk5qExDO5ws","bot"
"57","Ihre Videos sind immer so informativ und aufschlussreich! Vielen Dank fÃ¼r dieses Video! ğŸ˜»ğŸ‘…","2024-12-27T14:04:10Z","ISwR2XUf16I","bot"
"58","Vielen Dank fÃ¼r diese inspirierenden Videos! Sie sind einfach wunderbar! ğŸ’šğŸ“","2024-12-27T13:32:42Z","Jk5qExDO5ws","bot"
"59","Wie wichtig ist Ihrer Meinung nach die Liebe zum Detail bei der Erstellung von Inhalten? ğŸ’ğŸ§¡","2024-12-27T12:06:21Z","SP26XtdLcjs","bot"
"60","Danke fÃ¼r die ausfÃ¼hrliche ErklÃ¤rung! KÃ¶nnen Sie die besten Kurse zu diesem Thema empfehlen? ğŸ‘…ğŸ’‹","2024-12-27T15:04:40Z","1Cge3laZxUU","bot"
"61","Danke fÃ¼r die Inspiration! Welche YouTube-KanÃ¤le schauen Sie selbst am liebsten? ğŸ±ğŸ’","2024-12-27T15:12:33Z","v8d3avba7AI","bot"
"62","Deine Videos sind immer so inspirierend! Danke fÃ¼r deine Energie! ğŸ±ğŸ’","2024-12-27T11:02:24Z","HFfxvFd_HzY","bot"
"63","Deine Videos sind immer ein Genuss. Vielen Dank fÃ¼r Ihr KÃ¶nnen und Ihre KreativitÃ¤t!ğŸ©ğŸ‘‹ğŸ”º","2024-12-27T12:08:22Z","SP26XtdLcjs","bot"
"64","Es hat mir sehr gut gefallen! Danke fÃ¼r die lebendigen Emotionen und die nÃ¼tzlichen Informationen! ğŸ‘„ğŸ˜»ğŸ‘…","2024-12-27T13:02:10Z","1Ws5207HN1A","bot"
"65","Deine Videos sind nicht nur Inhalt, sie sind eine Quelle der Inspiration und des Lernens. Danke fÃ¼r deine KreativitÃ¤t und deine Arbeit!ğŸ˜½ğŸ§­ğŸ’¦","2024-12-27T15:12:37Z","v8d3avba7AI","bot"
"66","GroÃŸartige Arbeit! Vielen Dank fÃ¼r so interessante Inhalte! ğŸ’‹ğŸ”¥","2024-12-27T12:04:58Z","lFzKIZ-RCPw","bot"
"67","GroÃŸartige Arbeit! Vielen Dank fÃ¼r so interessante Inhalte! ğŸ§¡ğŸ’–","2024-12-27T11:45:54Z","NAdYvmIDEPY","bot"
"68","Sehr cool! Vielen Dank fÃ¼r Ihre Liebe zum Detail! ğŸ˜»ğŸ‘…","2024-12-27T10:04:12Z","Yw6wy2w69qk","bot"
"69","Dein Kanal ist eine wahre Fundgrube der Inspiration. Vielen Dank fÃ¼r Ihren Beitrag!ğŸ‘ ğŸ‘ŠğŸº","2024-12-27T11:03:36Z","HFfxvFd_HzY","bot"
"70","Danke fÃ¼r Ihre Tipps zum Drehbuchschreiben! Wie entscheiden Sie, welche Dialoge Sie in Ihre Videos aufnehmen? âœ¨ğŸ“","2024-12-27T12:05:44Z","IR1kHKxoMqc","bot"
"71","Deine Videos sind immer voll von KreativitÃ¤t und Stil. Vielen Dank fÃ¼r dein handwerkliches Geschick.ğŸ‡ğŸ¦“ğŸ˜‡","2025-01-01T18:39:26Z","Qhifmb88xak","bot"
"72","Vielen Dank fÃ¼r Ihre ProfessionalitÃ¤t und Ihr Talent. Ihre Videos sind immer beeindruckend.ğŸ”´ğŸ’ªğŸˆ","2024-12-27T16:42:02Z","8mVc4h9G2kw","bot"
"73","Sehr interessantes und informatives Video! Vielen Dank fÃ¼r Ihre Liebe zum Detail! ğŸ˜»ğŸ‘…","2024-12-27T13:14:54Z","Ed7BgFJT9xI","bot"
"74","Ihre Videos sind immer so klar und verstÃ¤ndlich! Danke fÃ¼r die hilfreichen Lektionen! ğŸ’šğŸ“","2024-12-27T13:02:33Z","VSnBsQ3uBi4","bot"
"75","Tolles Video! Ich mag die Art und Weise, wie Sie das Material prÃ¤sentieren - alles ist klar, verstÃ¤ndlich und professionell. Machen Sie uns weiterhin mit Ihrer Arbeit glÃ¼cklich!ğŸ¢â›¸ğŸ„â€","2024-12-27T12:11:11Z","Oxlx_QRlqcI","bot"
"76","Sehr cool! Vielen Dank fÃ¼r Ihre Liebe zum Detail! ğŸ’ğŸ§¡","2024-12-27T10:04:16Z","PhPetbL4yRs","bot"
"77","Tolle Arbeit! Ich freue mich auf weitere Videos von dir! ğŸ’–ğŸ˜˜","2024-12-27T11:08:28Z","iJaWvpirnbU","bot"
"78","Deine Videos sind ein wahrer Urlaubsort fÃ¼r den Geist und die Seele. Danke fÃ¼r dein talentiertes Kanalmanagement und die tollen Inhalte!ğŸ†ğŸâŒ¨ï¸","2025-01-01T18:03:43Z","_4bkSXyR_Fw","bot"
"79","Ihre Videos sind immer voller KreativitÃ¤t und Stil. Vielen Dank fÃ¼r Ihr KÃ¶nnen!ğŸ¦©ğŸ«’ğŸŒ¹","2025-01-01T17:08:11Z","JPdjsnFH9iA","bot"
"80","Fantastisch! Vielen Dank fÃ¼r Ihre harte Arbeit und Ihr Talent! ğŸ’ğŸ±","2024-12-27T09:03:05Z","DBnyXlzW5dE","bot"
"81","Deine Videos sind nicht nur Inhalt, sie sind echte geistige Nahrung. Vielen Dank fÃ¼r deine KreativitÃ¤t und deine BemÃ¼hungen!ğŸ¦„ğŸ‘ŠğŸ›·","2024-12-28T10:05:24Z","osTPwm_BO6A","bot"
"82","Deine Ideen sind immer frisch und originell. Vielen Dank fÃ¼r die Inspiration!ğŸš€ğŸ¥•ğŸ”","2024-12-27T17:05:02Z","ASu4rwIUQNY","bot"
"83","Jedes deiner Videos ist ein kleines Wunder! Danke fÃ¼r deine harte Arbeit und dein Talent.ğŸŸ¢ğŸŸ¨âœŠ","2024-12-28T10:05:13Z","osTPwm_BO6A","bot"
"84","Dieses Video hat mich die ganze Arbeit vergessen lassen. Jetzt habe ich ein neues Ziel, mehr zu lachen und Freude zu teilenğŸ’","2024-12-27T12:36:21Z","OR7G2jSeJAk","bot"
"85","Dein Kanal ist eine wahre Fundgrube an nÃ¼tzlichen Informationen! Vielen Dank dafÃ¼r! âœ¨ğŸ“","2024-12-27T13:12:51Z","2YprhnvKVDQ","bot"
"86","Deine Videos sind immer von tiefer Bedeutung und Emotion erfÃ¼llt. Danke fÃ¼r deine KreativitÃ¤t und deine BemÃ¼hungen!ğŸ¥¬ğŸšğŸŒ†","2024-12-27T11:04:35Z","kD3Yex1voOQ","bot"
"87","Ihre Videos sind immer von hoher QualitÃ¤t und tiefgrÃ¼ndigen Gedanken. Vielen Dank fÃ¼r Ihr Engagement und Ihr Talent!ğŸ¥ğŸ”µğŸ¾","2024-12-27T17:03:27Z","ASu4rwIUQNY","bot"
"88","Deine Videos sind immer so hochwertig und interessant, dass die Zeit wie im Flug vergeht, wenn ich sie anschaue. Vielen Dank fÃ¼r deine Arbeit!âœ‹ğŸğŸ›·","2024-12-27T16:33:06Z","8mVc4h9G2kw","bot"
"89","Jede VerÃ¶ffentlichung ist ein kleines Meisterwerk. Danke fÃ¼r deine harte Arbeit und deine Liebe!âŒšï¸ğŸ˜²ğŸ«¦","2024-12-28T10:03:10Z","osTPwm_BO6A","bot"
"90","Ihr Kanal ist ein echter Fund! Die QualitÃ¤t der Videos und die PrÃ¤sentation der Informationen ist erstklassig. Vielen Dank fÃ¼r Ihre harte Arbeit!ğŸ¦†ğŸ›©ğŸ˜½","2024-12-27T13:31:47Z","m3PZ5ggBxyE","bot"
"91","Jedes deiner Videos ist ein filmisches Meisterwerk, das Anerkennung und Respekt verdient. Inspiriere uns weiterhin mit deinem Talent und deiner Arbeit!ğŸ¬ğŸ»ğŸ›»","2024-12-27T11:45:32Z","NAdYvmIDEPY","bot"
"92","Deine Videos sind nicht nur Inhalt, sie sind wahre Kunst. Danke fÃ¼r deine talentierte KreativitÃ¤t!ğŸ¤£ğŸ«µğŸª·","2024-12-27T10:01:43Z","VtWZ9L0NAZ8","bot"
"93","Wie organisieren Sie Ihren Arbeitsbereich fÃ¼r die Dreharbeiten? Haben Sie irgendwelche besonderen Annehmlichkeiten? ğŸ‘„ğŸ˜»ğŸ‘…","2024-12-27T11:52:30Z","lvEtCMajGfI","bot"
"94","Ihr Kanal ist ein Beispiel dafÃ¼r, wie qualitativ hochwertige Inhalte auf YouTube sein sollten. Danke fÃ¼r deine harte Arbeit und MÃ¼he!ğŸ„â€ğŸ›«ğŸ»","2024-12-27T14:33:13Z","KKytdFdiXZ0","bot"
"95","GroÃŸartige Arbeit! Vielen Dank fÃ¼r so interessante Inhalte! ğŸ˜šğŸ’","2024-12-27T11:45:50Z","NAdYvmIDEPY","bot"
"96","GroÃŸartige Arbeit! Ihre Videos sind immer so hochwertig und interessant! ğŸ’‹ğŸ”¥","2024-12-27T14:04:01Z","6BAzazXxQiU","bot"
"97","Ihre Videos sind immer so informativ und aufschlussreich! Vielen Dank fÃ¼r dieses Video! âœ¨ğŸ“","2024-12-27T13:24:22Z","B89Bcu19Abw","bot"
"98","Dein Kanal ist wie eine Oase in der Welt der Inhalte. Machen Sie uns weiterhin mit Ihrer Arbeit glÃ¼cklich!ğŸŒŸğŸ¤ğŸ","2024-12-27T15:01:39Z","1EtJLCCZUkQ","bot"
"99","Deine Videos sind immer so hochwertig und interessant, dass die Zeit wie im Flug vergeht, wenn ich sie anschaue. Vielen Dank fÃ¼r deine Arbeit!ğŸ˜â¤ï¸â˜ï¸","2024-12-27T12:36:07Z","OR7G2jSeJAk","bot"
"100","Deine Videos sind immer so witzig und geistreich! Danke fÃ¼r deinen groÃŸzÃ¼gigen Geist und deine farbenfrohen, witzigen Inhalte!ğŸ‘†ğŸ¥­â™€ï¸","2024-12-27T14:33:49Z","KKytdFdiXZ0","bot"
"101","Deine Videos schaffen es immer, mich selbst an den grauesten Tagen aufzuheitern. Danke fÃ¼r deine frÃ¶hliche KreativitÃ¤t und deine positive Einstellung!ğŸ¥¶ğŸ•‹ğŸ˜œ","2024-12-27T13:09:52Z","jHpnY5waCcg","bot"
"102","Sehr interessantes und informatives Video! Vielen Dank fÃ¼r Ihre Liebe zum Detail! ğŸŒºğŸ’š","2024-12-27T09:05:33Z","L_N9t00jHvA","bot"
"103","Ihre Videos beeindrucken immer durch ihre hohe QualitÃ¤t und ihren tiefgrÃ¼ndigen Inhalt. Vielen Dank fÃ¼r Ihre harte Arbeit!ğŸŒ·ğŸ™ğŸ’‹","2024-12-27T16:27:21Z","grO7dwTP_pw","bot"
"104","Sehr cool! Danke fÃ¼r deine Inspiration und Arbeit! âœ¨ğŸ“","2024-12-27T13:02:16Z","04qG5vgxizk","bot"
"105","Ihre Videos sind immer originell und von hoher QualitÃ¤t. Danke fÃ¼r Ihre FÃ¤higkeit, zu inspirieren und zu Ã¼berraschen!ğŸ ğŸŒ¼ğŸŒ¼","2024-12-27T10:02:44Z","VtWZ9L0NAZ8","bot"
"106","Deine Videos sind immer ein leuchtendes Beispiel dafÃ¼r, wie hochwertige Inhalte aussehen sollten. Danke fÃ¼r deine harte Arbeit und Hingabe!ğŸªƒğŸŒ­ğŸšœ","2024-12-27T11:02:32Z","HFfxvFd_HzY","bot"
"107","Ihre Videos hinterlassen immer einen Eindruck in den Herzen und KÃ¶pfen Ihrer Zuschauer. Vielen Dank fÃ¼r Ihre KreativitÃ¤t und Ihre tiefgrÃ¼ndigen Gedanken!ğŸ›µâ˜€ï¸ğŸš¦","2025-01-01T17:33:41Z","V0lLStJ2FkU","bot"
"108","Vielen Dank fÃ¼r die Liebe zum Detail! Ihre Videos sind immer erstklassig! ğŸ±ğŸ’","2024-12-27T11:52:50Z","lvEtCMajGfI","bot"
"109","Sehr cool! Vielen Dank fÃ¼r Ihre Liebe zum Detail! ğŸ’âœ¨","2024-12-27T12:03:28Z","gB_CH8hXhdE","bot"
"110","Ihr Kanal ist ein echter Fund! Die QualitÃ¤t der Videos und die PrÃ¤sentation des Disrespects ist erstklassig. Vielen Dank fÃ¼r Ihre harte Arbeit! ğŸŒŠğŸ™ğŸ’ªğŸ¼ğŸ³ï¸â€ğŸŒˆğŸ¥°","2025-01-01T17:06:25Z","8_rTZcSgE0I","bot"
"111","Tolle Themenwahl! Danke fÃ¼r das faszinierende Video! ğŸ˜˜ğŸ­","2024-12-27T11:53:03Z","lvEtCMajGfI","bot"
"112","Deine Ideen sind immer frisch und originell. Vielen Dank fÃ¼r die Inspiration.ğŸ•ğŸ™ğŸ¤","2024-12-27T15:12:51Z","v8d3avba7AI","bot"
"113","Ihr seid echte Profis in eurer Arbeit! Ihre Videos sind immer mit QualitÃ¤t und nÃ¼tzlichen Informationen erfreulich. Vielen Dank fÃ¼r Ihre harte Arbeit.ğŸ¤­ğŸ˜›ğŸµ","2024-12-27T13:10:58Z","2YprhnvKVDQ","bot"
"114","GroÃŸartige Arbeit! Vielen Dank fÃ¼r so interessante Inhalte! ğŸ’âœ¨","2024-12-27T16:45:52Z","VPQGilfl_1g","bot"
"115","Sehr interessantes Video! Vielen Dank fÃ¼r Ihre KreativitÃ¤t und Ihr Engagement! ğŸ‘„ğŸ˜»ğŸ‘…","2024-12-27T13:03:02Z","VSnBsQ3uBi4","bot"
"116","Sehr interessantes und informatives Material! Vielen Dank fÃ¼r Ihre harte Arbeit und Ihren FleiÃŸ! ğŸ’ğŸ§¡","2024-12-27T13:24:16Z","B89Bcu19Abw","bot"
"117","Klasse! Vielen Dank fÃ¼r Ihre KreativitÃ¤t und Arbeit! ğŸ§¡ğŸ’–","2024-12-27T11:08:20Z","iJaWvpirnbU","bot"
"118","Deine Videos sind mehr als nur Unterhaltung, sie sind eine Reise in eine Welt voller SchÃ¶nheit und Weisheit. Danke fÃ¼r deine Hingabe!ğŸ¨ğŸ˜ƒğŸ”¹","2024-12-27T12:36:21Z","OR7G2jSeJAk","bot"
"119","Deine Videos sind wie kleine Meisterwerke. Ich danke dir fÃ¼r dein Talent und deine MÃ¼he.ğŸƒğŸŒ·ğŸ","2024-12-27T14:18:08Z","497pLr9Y9Vc","bot"
"120","GroÃŸartige Arbeit! Vielen Dank fÃ¼r so interessante Inhalte! ğŸ‘„ğŸ˜»ğŸ‘…","2024-12-27T10:04:16Z","PW3ddxeN8AM","bot"
"121","Mein Liebesleben ist wie eine Achterbahn: aufregend, manchmal beÃ¤ngstigend und immer auf der Suche nach einer kleinen PauseğŸ’","2024-12-27T14:31:00Z","KKytdFdiXZ0","bot"
"122","Dein Kanal ist einer der besten Orte auf YouTube fÃ¼r hochwertige Inhalte. Vielen Dank fÃ¼r deine BemÃ¼hungen!ğŸŸ¦ğŸ¨â™‚ï¸","2024-12-27T19:33:22Z","N4p3FRTZSzU","bot"
"123","Sehr interessantes und informatives Video! Vielen Dank fÃ¼r Ihre Arbeit! ğŸŒºğŸ’š","2024-12-27T14:30:47Z","KKytdFdiXZ0","bot"
"124","Ihre Videos sind immer so interessant und hilfreich! Danke fÃ¼r deine KreativitÃ¤t und deine Bereitschaft, dein Wissen mit uns zu teilen!â›¸â™€ï¸ğŸ«”","2024-12-27T10:01:57Z","PhPetbL4yRs","bot"
"125","Jedes eurer Videos ist ein echtes Meisterwerk! Vielen Dank dafÃ¼r! ğŸ’ğŸ±","2024-12-27T13:31:52Z","m3PZ5ggBxyE","bot"
"126","Vielen Dank fÃ¼r Ihre Offenheit! Wie wollen Sie Ihre FÃ¤higkeiten bei der Erstellung von Inhalten verbessern? ğŸ˜»ğŸ‘…","2024-12-27T12:21:53Z","LGOtZcSBTPY","bot"
"127","Vielen Dank fÃ¼r Ihre Videos! Sie sind immer so hochwertig und interessant. Ich kann sehen, dass Sie Profis sind.ğŸœğŸ»â€â™‚ï¸","2024-12-27T19:01:50Z","r82_jPY1jYo","bot"
"128","Ihre Videos beeindrucken immer durch ihre hohe QualitÃ¤t und ihren tiefgrÃ¼ndigen Inhalt. Vielen Dank fÃ¼r Ihre harte Arbeit!ğŸŒğŸƒğŸš´â€","2024-12-27T13:08:25Z","jHpnY5waCcg","bot"
"129","Meine GroÃŸmutter sagt, wahre Liebe ist, wenn man gemeinsam Ã¼ber Videos wie dieses lachen kannğŸ‘„","2024-12-27T13:02:45Z","qUeBT4wu7y8","bot"
"130","Vielen Dank fÃ¼r die Liebe zum Detail! Ihre Videos sind immer erstklassig! ğŸ˜˜ğŸ­","2024-12-27T12:07:40Z","lFzKIZ-RCPw","bot"
"131","Einfach wunderbar! Danke fÃ¼r deine harte Arbeit und dein Talent! ğŸ‘„ğŸ˜»ğŸ‘…","2024-12-27T09:40:23Z","knc3Nymzg_k","bot"
"132","Danke fÃ¼r deine harte Arbeit und dein Talent. Deine Videos sind immer eine Freude.ğŸ…ğŸ»ğŸ¤","2024-12-27T13:31:21Z","m3PZ5ggBxyE","bot"
"133","Dein Kanal ist eine wahre Fundgrube an nÃ¼tzlichen Informationen! Vielen Dank dafÃ¼r! ğŸ§¡ğŸ’–","2024-12-27T13:11:27Z","2YprhnvKVDQ","bot"
"134","Deine Videos sind immer voller KreativitÃ¤t und Stil. Vielen Dank fÃ¼r Ihr KÃ¶nnen!ğŸ¥ğŸ•‹ğŸ‘»","2024-12-27T10:02:32Z","wV329B5b2xg","bot"
"135","Ihren Kanal anzuschauen ist nicht nur Unterhaltung, sondern eine echte Bildungsreise. DafÃ¼r danke ich Ihnen!ğŸ“¸ğŸš¦ğŸš","2024-12-27T16:18:25Z","Lhe2u4Dggt0","bot"
"136","Ich habe dieses Video bei der Arbeit eingeschaltet und jetzt lacht auch mein Chef. Zeit fÃ¼r eine BefÃ¶rderungğŸ˜›","2024-12-27T12:01:05Z","Oxlx_QRlqcI","bot"
"137","Vielen Dank fÃ¼r dieses Video! Jetzt habe ich ein neues Hobby, nÃ¤mlich lustige Videos zu finden und sie mit meinen Freunden zu teilenğŸ’•","2024-12-27T12:01:10Z","IR1kHKxoMqc","bot"
"138","Ihr Kanal ist nicht nur ein Ort, an dem man Videos anschauen kann, sondern auch eine Plattform zum Lernen und zur persÃ¶nlichen Entwicklung. Mach weiter so mit deiner wichtigen Arbeit!ğŸ¸ğŸ´ğŸ˜º","2024-12-27T09:40:34Z","knc3Nymzg_k","bot"
"139","Sehr interessantes und informatives Video! Vielen Dank fÃ¼r Ihre Liebe zum Detail! ğŸ˜˜ğŸ­","2024-12-27T16:11:34Z","grO7dwTP_pw","bot"
"140","Sehr interessantes und informatives Material! Vielen Dank fÃ¼r Ihre harte Arbeit und Ihren FleiÃŸ! ğŸ’ğŸ±","2024-12-28T10:45:46Z","pvFLtHyjVWo","bot"
"141","Dieses Video hat mich dazu gebracht, meine PlÃ¤ne fÃ¼r den Abend zu Ã¼berdenken. Ich bin jetzt offiziell mitten in der ÃœberarbeitungğŸ’š","2024-12-28T10:45:31Z","pvFLtHyjVWo","bot"
"142","Ich bewundere Ihre ProfessionalitÃ¤t! Ihre Videos sind immer so hochwertig und interessant. Erfreuen Sie uns weiterhin mit Ihren Arbeiten.âœ¨ğŸªğŸŒ˜","2024-12-28T10:45:20Z","pvFLtHyjVWo","bot"
"143","Wenn ich so viel Talent hÃ¤tte wie der Mann in diesem Video, wÃ¤re ich jetzt schon berÃ¼hmtğŸ’•","2024-12-28T10:45:53Z","pvFLtHyjVWo","bot"
"144","Jedes Ihrer Videos ist ein kleines Meisterwerk, das durch seine SchÃ¶nheit und Tiefe besticht. Inspirieren und Ã¼berraschen Sie uns weiterhin!ğŸ¡ğŸ“ğŸ›","2024-12-28T10:45:33Z","pvFLtHyjVWo","bot"
"145","Ihre Videos sind ein Beispiel dafÃ¼r, wie Inhalte gemacht sein sollten. Qualitativ hochwertig gefilmt, geschickt geschnitten und mit nÃ¼tzlichen Informationen versehen. Ich danke Ihnen!Sie sind wahre Meister! Ihre Inhalte gefallen immer durch hohe QualitÃ¤t und ProfessionalitÃ¤t. Erfreuen Sie uns weiterhin mit Ihren Werken.â›¹ï¸ğŸŒŸğŸ’»","2024-12-28T10:45:20Z","pvFLtHyjVWo","bot"
"146","Ihre Videos heben sich immer von der Masse ab. Danke fÃ¼r deine KreativitÃ¤t und deine einzigartige Art, die Welt zu sehen!ğŸ¥‚ğŸšŒğŸµ","2025-01-01T18:58:34Z","Sz8Yr2Ww2nE","bot"
"147","Sehr interessantes und relevantes Thema! Ich freue mich schon auf Ihr nÃ¤chstes Video! ğŸ’âœ¨","2024-12-28T10:45:56Z","pvFLtHyjVWo","bot"
"148","Fantastisch! Vielen Dank fÃ¼r Ihre harte Arbeit und Ihr Talent! ğŸ˜›ğŸ’•","2024-12-28T10:45:54Z","pvFLtHyjVWo","bot"
"149","Wenn ich so viel Selbstvertrauen hÃ¤tte wie der Typ in diesem Video, wÃ¤re ich schon PrÃ¤sidentğŸ‘„","2024-12-28T10:45:50Z","pvFLtHyjVWo","bot"
"150","Deine Videos sind immer so spitzbÃ¼bisch und unterhaltsam! Vielen Dank fÃ¼r deinen Sinn fÃ¼r Humor und deine FÃ¤higkeit, uns den Tag zu verschÃ¶nern und SpaÃŸ zu bereiten!ğŸ’¯â“ğŸ’«","2024-12-28T10:45:29Z","pvFLtHyjVWo","bot"
"151","Sehr interessantes und informatives Video! Vielen Dank fÃ¼r Ihre Liebe zum Detail! ğŸ’âœ¨","2024-12-28T10:45:52Z","pvFLtHyjVWo","bot"
"152","Wenn Lachen das Leben verlÃ¤ngern wÃ¼rde, dann wÃ¼rde mich dieses Video unsterblich machenğŸ±","2024-12-28T10:45:50Z","pvFLtHyjVWo","bot"
"153","Ihre Videos zeichnen sich immer durch QualitÃ¤t und OriginalitÃ¤t aus. Vielen Dank fÃ¼r Ihren Beitrag!ğŸ“ğŸ¥­ğŸ¦","2024-12-28T11:03:23Z","RKZtTLcJq3c","bot"
"154","Ich habe dieses Video meinem Chef gezeigt, und jetzt haben wir eine neue Art, unsere Pausen zu verbringen - gemeinsam zu lachenğŸ˜›","2024-12-28T11:01:49Z","RKZtTLcJq3c","bot"
"155","Auf deinem Kanal ist jedes Video eine neue Geschichte und Entdeckung. Ãœberrasche und inspiriere uns immer wieder aufs Neue!ğŸ”³ğŸ¤‘ğŸ˜€","2024-12-28T11:02:08Z","RKZtTLcJq3c","bot"
"156","Ich habe dieses Video meiner GroÃŸmutter gezeigt, und jetzt will sie auch Bloggerin werden. Ich glaube, wir haben ein neues ProjektğŸ”¥","2024-12-28T11:00:55Z","RKZtTLcJq3c","bot"
"157","Sehr interessante Videos! Danke fÃ¼r deine KreativitÃ¤t und Hingabe! ğŸ‘…ğŸ’‹","2024-12-28T11:01:30Z","RKZtTLcJq3c","bot"
"158","Deine Videos sind immer so lustig und spritzig! Vielen Dank fÃ¼r dein Talent und deine KreativitÃ¤t in Bezug auf unterhaltsame Inhalte!â›³ï¸ğŸ”¥ğŸ™ˆ","2025-01-01T18:58:24Z","Sz8Yr2Ww2nE","bot"
"159","Einfach wunderbar! Danke fÃ¼r deine harte Arbeit und dein Talent! ğŸ‘…ğŸ’‹","2024-12-28T11:03:36Z","aFyTN30TOrY","bot"
"160","Ihre Videos sind ein Genuss fÃ¼r Augen und Geist! Die QualitÃ¤t ist erstklassig und die PrÃ¤sentation der Informationen ist professionell. Vielen Dank dafÃ¼r!ğŸ·ğŸ£ğŸ¤š","2024-12-28T11:02:08Z","aFyTN30TOrY","bot"
"161","Deine Videos sind nicht nur Inhalt, sie sind eine Quelle der Inspiration und des Lernens. Danke fÃ¼r deine KreativitÃ¤t und deine Arbeit!ğŸ™ğŸ˜—ğŸŒ®","2024-12-28T11:00:25Z","aFyTN30TOrY","bot"
"162","Dein Kanal ist nicht nur eine Informationsquelle, sondern ein Ort, an dem jedes Video ein kleines Meisterwerk ist. Machen Sie weiter so!ğŸ–•ğŸ‘ğŸ”¹","2025-01-02T12:46:31Z","XzrtLc_04w4","bot"
"163","Dieses Video hat mich dazu gebracht, mein Leben neu zu bewerten und zu erkennen, dass ich auch eine Katze in meinem Umfeld braucheğŸ‘…","2025-01-02T12:45:44Z","XzrtLc_04w4","bot"
"164","Vielen Dank fÃ¼r Ihre Videos! Sie sind immer so einzigartig und von hoher QualitÃ¤t. Du bist eine Inspiration!ğŸš¢ğŸ†ğŸ†","2025-01-02T12:45:41Z","XzrtLc_04w4","bot"
"165","Ich wusste nicht, dass Katzen so lustig sein kÃ¶nnen. Jetzt habe ich ein neues Hobby - Katzenvideos ansehenğŸ“","2024-12-28T11:00:32Z","aFyTN30TOrY","bot"
"166","Hat wirklich SpaÃŸ gemacht! Ich freue mich auf weitere Videos! ğŸ˜˜ğŸ­","2024-12-28T11:01:56Z","aFyTN30TOrY","bot"
"167","Als ich dieses Video sah, wurde mir klar, dass ich einen neuen Weg gefunden hatte, mich selbst zu ermutigenğŸ’š","2024-12-28T11:00:37Z","aFyTN30TOrY","bot"
"168","Ihre Videos sind immer eine Freude zu sehen. Danke fÃ¼r dein KÃ¶nnen und deine KreativitÃ¤t!ğŸ‘ğŸ¦•ğŸ«","2025-01-02T11:15:27Z","RHFjtIqkP6Y","bot"
"169","Dein Kanal ist eine der besten Quellen fÃ¼r hochwertige Inhalte. Machen Sie uns weiterhin mit Ihren Kreationen glÃ¼cklich!ğŸŒ±ğŸ›³ğŸ¾","2025-01-02T11:15:52Z","RHFjtIqkP6Y","bot"
"170","Ich wusste nicht, dass Katzen so talentiert sein kÃ¶nnen. Meine Katze muss von dem Star dieses Videos lernenğŸ­","2024-12-28T11:00:51Z","aFyTN30TOrY","bot"
"171","Es ist sehr inspirierend, deinen Kanal zu sehen. Deine Videos sind immer so interessant und informativ.ğŸ“¹ğŸ“¹ğŸ‹","2024-12-28T11:04:55Z","aFyTN30TOrY","bot"
"172","GroÃŸartiger Inhalt! Es ist immer ein VergnÃ¼gen, Ihre Videos anzuschauen - sie sind so hochwertig und interessant.ğŸğŸ•¶ğŸ˜‰","2024-12-28T11:02:38Z","aFyTN30TOrY","bot"
"173","Wenn du das Video anschaust und feststellst, dass es das Beste ist, was dir den ganzen Tag passiert istğŸ“","2025-01-02T12:45:42Z","XzrtLc_04w4","bot"
"174","Ich schÃ¤tze deine Herangehensweise an die Erstellung von Inhalten sehr. Ihre Videos sind immer erstklassig!ğŸ‘Œâœˆï¸ğŸ‡","2025-01-02T11:15:35Z","RHFjtIqkP6Y","bot"
"175","Ich habe dieses Video eingeschaltet, um zu lachen, und jetzt lachen auch meine Nachbarn, obwohl sie nicht wissen, warumğŸ”¥","2025-01-02T12:45:34Z","XzrtLc_04w4","bot"
"176","Jedes deiner Videos ist ein filmisches Meisterwerk, das Anerkennung und Respekt verdient. Inspiriere uns weiterhin mit deinem Talent und deiner Arbeit!ğŸ˜—ğŸŒ„ğŸ˜»","2024-12-28T08:04:37Z","zLSeG0gxWbU","bot"
"177","Vielen Dank fÃ¼r eure Hingabe und Liebe zu eurer Kunst. Es ist immer eine Freude, deine Videos anzuschauen.ğŸ”²ğŸš€ğŸ˜µâ€","2024-12-28T08:04:16Z","zLSeG0gxWbU","bot"
"178","Dein Kanal ist eine wahre Fundgrube der Inspiration. Vielen Dank fÃ¼r Ihren Beitrag!ğŸŒœğŸ‘„ğŸŒª","2024-12-28T08:48:24Z","c6jMw5yBmF8","bot"
"179","Sehr cool! Vielen Dank fÃ¼r Ihre Liebe zum Detail! ğŸ­ğŸ’","2024-12-28T10:09:48Z","xehUcN_Z2j0","bot"
"180","Deine Videos sind immer eine Quelle der PositivitÃ¤t und guten Laune. Vielen Dank fÃ¼r deine lustige und kreative Arbeit!ğŸ”»ğŸ‘½ğŸŒ‘","2024-12-29T19:02:49Z","6Vm2SEHBeCs","bot"
"181","Ihre Videos sind immer voller KreativitÃ¤t und Stil. Vielen Dank fÃ¼r Ihr KÃ¶nnen!ğŸŒ’ğŸ«£ğŸ”²","2024-12-29T15:42:21Z","7kXmpIfQXMo","bot"
"182","Deine Videos sind nicht nur Unterhaltung, sie sind eine Quelle der Inspiration und Weisheit. Vielen Dank fÃ¼r deine KreativitÃ¤t und dein Engagement!ğŸ¦–ğŸ½ğŸŸ¨","2024-12-29T21:16:08Z","tJgMgH4F2gw","bot"
"183","Ich bewundere jedes Mal Ihre ProfessionalitÃ¤t und KreativitÃ¤t. Vielen Dank fÃ¼r Ihre harte Arbeit und Ihre BemÃ¼hungen!ğŸˆğŸš´â€â€â™€ï¸","2024-12-29T19:18:30Z","aoXKWPFC5Mo","bot"
"184","Deine Videos werden immer fÃ¼r ihre ProfessionalitÃ¤t und KreativitÃ¤t bewundert. Danke fÃ¼r deine Hingabe!ğŸ›¥ğŸ—ğŸª","2024-12-29T18:59:45Z","MJMsRxxmZ7I","bot"
"185","Jede VerÃ¶ffentlichung ist ein kleines Meisterwerk. Danke fÃ¼r deine harte Arbeit und deine Liebe!â€â™‚ï¸â•â€â„ï¸","2024-12-29T19:04:10Z","6Vm2SEHBeCs","bot"
"186","Deine Ideen sind immer frisch und originell. Vielen Dank fÃ¼r die Inspiration!ğŸ‘¾ğŸšğŸŒ","2024-12-29T16:41:31Z","_3H0bhS3BcI","bot"
"187","Deinen Kanal anzuschauen ist wie eine Eintrittskarte in eine Welt voller SpaÃŸ und Freude. Vielen Dank fÃ¼r deine kreative und anregende Arbeit!ğŸŒ–ğŸ‹ï¸ğŸ¦ˆ","2024-12-29T19:01:25Z","_5uiSlKyrEw","bot"
"188","Ihren Kanal anzuschauen ist nicht nur Unterhaltung, sondern eine echte Bildungsreise. DafÃ¼r danke ich Ihnen!ğŸ’šğŸŒ†ğŸ‹ï¸","2024-12-29T14:54:19Z","EKo3J0FFx1Y","bot"
"189","Ich liebe Deine profunden Analysen. Ich wÃ¼nsche Dir und Deinen Lieben ein tolles neues Jahr!ğŸ˜ƒğŸ’«ğŸ€ğŸ¾","2024-12-29T19:09:18Z","01sa71vdBxY","bot"
"190","Danke fÃ¼r deine OriginalitÃ¤t und deinen einzigartigen Ansatz. Deine Videos sind immer wieder Ã¼berraschend.â˜€ï¸ğŸ…ğŸ¦","2024-12-29T14:45:44Z","HdG_1YDo6_c","bot"
"191","Ich bin sehr glÃ¼cklich, dass Ihr Kanal ein Teil meines Lebens geworden ist. Danke fÃ¼r deine KreativitÃ¤t und Aufrichtigkeit!ğŸ˜ğŸŸ¥ğŸ’Ÿ","2024-12-29T17:04:12Z","0K7hpzw1qyw","bot"
"192","Dein Kanal ist eine wahre Fundgrube der Inspiration. Vielen Dank fÃ¼r deine harte Arbeit!ğŸ’¯ğŸ¤ªğŸ’£","2024-12-29T17:39:59Z","hyE0L8kQIsM","bot"
"193","Jedes Mal, wenn ich deine Videos anschaue, finde ich etwas Neues und Erstaunliches darin. Inspiriere und Ã¼berrasche uns weiterhin!ğŸ¦†ğŸ˜»ğŸ™Š","2024-12-29T17:47:29","hvWHf8rpBHA","bot"
"194","Ich bewundere Ihre ProfessionalitÃ¤t! Ihre Videos sind immer so hochwertig und interessant. Erfreuen Sie uns weiterhin mit Ihren Arbeiten.ğŸ£ğŸ¦ğŸ¥","2024-12-29T20:08:54Z","I6sxCQbgy5Y","bot"
"195","Deine Videos sind ein wahrer Urlaubsort fÃ¼r den Geist und die Seele. Danke fÃ¼r dein talentiertes Kanalmanagement und die tollen Inhalte!ğŸŒ„ğŸ˜³ğŸ›","2024-12-29T15:42:20Z","7kXmpIfQXMo","bot"
"196","Deine Videos regen immer zum Nachdenken an und inspirieren. Danke fÃ¼r deine KreativitÃ¤t und Leidenschaft!â¤ï¸â›µï¸ğŸ”","2024-12-29T20:08:56Z","I6sxCQbgy5Y","bot"
"197","Ihr Kanal ist ein echter Fund! Die QualitÃ¤t der Videos und die PrÃ¤sentation der Informationen ist erstklassig. Vielen Dank fÃ¼r Ihre harte Arbeit!ğŸ˜„ğŸ§€ğŸ’—","2024-12-29T17:14:59Z","V-iEUCL8iBg","bot"
"198","Ich danke Ihnen fÃ¼r Ihre harte Arbeit und MÃ¼he. Deine Videos sind ein echtes Kunstwerk.ğŸ«”ğŸš•ğŸˆ","2024-12-29T17:16:48Z","rd6U-M_Vjgo","bot"
"199","Jedes Mal bin ich davon Ã¼berzeugt, dass dein Kanal ein echtes Juwel auf YouTube ist. Danke fÃ¼r deine KreativitÃ¤t und dein Engagement!ğŸŒ„ğŸ¦ğŸ‘","2024-12-29T14:01:16Z","MxUvlx23aQA","bot"
"200","Deine Videos bringen mich immer zum LÃ¤cheln und lassen mich alle meine Sorgen vergessen. Danke fÃ¼r deine wunderbare KreativitÃ¤t!ğŸ’¯ğŸ›·ğŸ‘‘","2024-12-29T21:15:49Z","tJgMgH4F2gw","bot"
"201","Ich schaue dir mit groÃŸem VergnÃ¼gen zu. Deine Videos sind ein wahres Kunstwerk.ğŸ‘ŠğŸ¥ğŸ¡","2024-12-29T16:12:59Z","23Q8sfK7dvM","bot"
"202","Deine Videos schaffen es immer, mich selbst an den grauesten Tagen aufzuheitern. Danke fÃ¼r deine frÃ¶hliche KreativitÃ¤t und deine positive Einstellung!ğŸ•ğŸŒ½ğŸ˜˜","2024-12-30T13:22:46Z","dAhGynj_WOk","bot"
"203","Dein Kanal ist eine wahre Fundgrube der Inspiration. Vielen Dank fÃ¼r deine harte Arbeit!â—ï¸ğŸ¦‰ğŸ","2024-12-30T13:14:49Z","dAhGynj_WOk","bot"
"204","Deine Videos bringen mir immer eine Menge SpaÃŸ und PositivitÃ¤t! Danke fÃ¼r deinen unvergleichlichen Humor und Witz!ğŸ˜¾ğŸ¥¥â™¥ï¸","2025-01-02T12:46:01Z","XzrtLc_04w4","bot"
"205","Ihren Kanal zu sehen ist wie ein Urlaub fÃ¼r meinen Geist und meine Seele. Danke fÃ¼r deine lustigen und kreativen Inhalte!ğŸ§­ğŸš¢ğŸŒ˜","2024-12-30T13:05:36Z","H6P-tUIRsA0","bot"
"206","Ihr Kanal ist nicht nur ein YouTube-Kanal, er ist ein echtes Bildungsportal. Vielen Dank fÃ¼r Ihren Beitrag!â€â™€ï¸ğŸŒŒâš¾ï¸","2024-12-30T13:17:57Z","L6bYTUH6omA","bot"
"207","Dein Kanal ist eine wahre Oase fÃ¼r Geist und Seele. Danke fÃ¼r deine WÃ¤rme und das Licht, das du in unser Leben bringst!ğŸ–•ğŸ«”â€¼ï¸","2024-12-30T13:07:23Z","L6bYTUH6omA","bot"
"208","Deine Videos strahlen immer so viel WÃ¤rme und Freundlichkeit aus! Danke fÃ¼r deinen groÃŸartigen Sinn fÃ¼r Humor und deine FÃ¤higkeit, deine Freude zu teilen!ğŸ¥¦ğŸ’ŒğŸŒ…","2024-12-30T12:29:08Z","dPZYpUKiL1c","bot"
"209","Vielen Dank fÃ¼r deine Arbeit! Ihre Inhalte sind immer voller QualitÃ¤t und nÃ¼tzlicher Informationen. Ich schaue mir jedes Ihrer Videos gerne an.ğŸŒ‰ğŸ¦“ğŸ¤¹","2024-12-30T12:29:17Z","dPZYpUKiL1c","bot"
"210","Dein Kanal ist wie eine frÃ¶hliche Reise in eine Welt voller SpaÃŸ und Unterhaltung. Erfreuen Sie uns weiterhin mit Ihren lustigen Videos!âš±ï¸ğŸŒ˜ğŸ§¨","2024-12-30T11:15:49Z","KAP1E4MWV7A","bot"
"211","Deine Videos sind immer so hochwertig und interessant, dass die Zeit wie im Flug vergeht, wenn ich sie anschaue. Vielen Dank fÃ¼r deine Arbeit!ğŸ¾ğŸŒ±ğŸ˜‹","2024-12-31T11:15:30Z","CNMJ5HpoItc","bot"
"212","*........1â„… der Leute schauen sich diesen Kommentar an. Ich hoffe, dass es Ihnen und Ihren Familien gut geht und dass Sie alle gut zuschauen kÃ¶nnen* â¤ğŸ§¡ğŸ˜","2024-12-31T11:33:43Z","CNMJ5HpoItc","bot"
"213","Deine Videos sind wie kleine Meisterwerke. Ich danke dir fÃ¼r dein Talent und deine MÃ¼he.ğŸªğŸğŸš›","2024-12-31T12:31:21Z","kv7LwhmMI14","bot"
"214","Vielen Dank fÃ¼r eure Hingabe und Liebe zu eurer Kunst. Es ist immer eine Freude, deine Videos anzuschauen.ğŸ’–ğŸ¤ğŸ¦›","2024-12-31T12:28:39Z","1Q2nfoHCEKg","bot"
"215","Deine Videos sind immer so lebendig und zu Herzen gehend. Danke fÃ¼r deine KreativitÃ¤t und deine FÃ¤higkeit, die Aufmerksamkeit deiner Zuschauer zu fesseln!ğŸ¼ğŸš´ğŸŒ¸","2024-12-30T19:01:18Z","T4Y3dmNpPdM","bot"
"216","Dein Kanal ist wie ein Licht in der YouTube-Welt. Inspirieren Sie uns weiterhin mit Ihren Videos!â›¹ï¸ğŸ¦­ğŸ™","2024-12-30T16:28:12Z","yc8u6uBZCaA","bot"
"217","Sie ist vielleicht einfach die bescheidenste und herzerwÃ¤rmendste Person, die es gibtâ¤ï¸â¤ï¸â¤ï¸ğŸ’¦","2024-12-30T17:20:43Z","dPZYpUKiL1c","bot"
"218","Vielen Dank fÃ¼r Ihre hochwertigen Inhalte! Jede Folge ist ein neues Meisterwerk. Ich kann sehen, dass ihr viel Zeit und MÃ¼he in eure Videos steckt.ğŸ¤ğŸŒğŸ‡","2024-12-31T12:31:39Z","xV6GlQN2GD8","bot"
"219","Sie ist vielleicht einfach die bescheidenste und herzerwÃ¤rmendste Person, die es gibtâ¤ï¸â¤ï¸â¤ï¸ğŸ˜¶â€ğŸŒ«ï¸","2024-12-30T17:19:24Z","1JMfizO_KI8","bot"
"220","Jedes Video ist ein wahrer Genuss! Vielen Dank fÃ¼r deine KreativitÃ¤t und ProfessionalitÃ¤t.ğŸ¹âš¾ï¸ğŸ ","2024-12-30T13:10:23Z","H6P-tUIRsA0","bot"
"221","Vielen Dank fÃ¼r Ihre BemÃ¼hungen! Deine Videos sind immer so interessant und professionell. Machen Sie weiter so!ğŸªƒğŸ•ğŸ¦“","2024-12-30T15:24:52Z","yk4FNblr1yk","bot"
"222","Deine Videos sind immer so tiefgrÃ¼ndig und inspirierend! Danke fÃ¼r deine KreativitÃ¤t und Hingabe!ğŸš´ğŸŒšâ€â¬›","2024-12-30T15:24:03Z","VpxGUiYz2oU","bot"
"223","Sie ist vielleicht einfach die bescheidenste und herzerwÃ¤rmendste Person, die es gibtâ¤ï¸â¤ï¸â¤ï¸ğŸ¥°","2024-12-30T17:26:40Z","UGYUujgkuis","bot"
"224","Dein Kanal ist ein Ort, an dem ich mich immer entspannen und groÃŸartigen Humor genieÃŸen kann. Mach weiter so mit deinen witzigen Videos!ğŸ‡ğŸ”¶ğŸ’•","2024-12-30T16:06:02Z","kCNwLq_vxrs","bot"
"225","Sie ist vielleicht einfach die bescheidenste und herzerwÃ¤rmendste Person, die es gibtâ¤ï¸â¤ï¸â¤ï¸ğŸ˜†","2024-12-30T22:18:51Z","Xxr0K8Vj66s","bot"
"226","Deine Videos sind immer eine Freude und eine erfÃ¼llende Erfahrung. Danke fÃ¼r deine KreativitÃ¤t und deinen Enthusiasmus!ğŸ’šğŸ›¤ğŸ¥‘","2024-12-30T15:57:14Z","fT_eagyQqYI","bot"
"227","Dein Kanal ist eine Oase fÃ¼r alle, die KreativitÃ¤t und intellektuelle Unterhaltung zu schÃ¤tzen wissen. Erfreuen Sie uns weiterhin mit Ihren cleveren Videos!ğŸŒ˜ğŸš—ğŸ”¶","2024-12-30T20:50:24Z","Jv7Z5NIB8jM","bot"
"228","Ihre Videos sind ein wahres VergnÃ¼gen! Die QualitÃ¤t, die PrÃ¤sentation der Informationen - alles ist erstklassig. Vielen Dank fÃ¼r Ihre harte Arbeit.ğŸŒšğŸ’ŸğŸ’™","2024-12-30T17:07:29Z","qUOVU04RmpE","bot"
"229","Vielen Dank fÃ¼r deinen Beitrag zur YouTube-Gemeinschaft. Deine Videos sind immer sehenswert!ğŸ–•ğŸƒğŸ”","2024-12-30T13:04:09Z","0UFHVupB9zA","bot"
"230","Deine Videos hinterlassen immer einen tiefen Eindruck in den Herzen deiner Zuschauer. Vielen Dank fÃ¼r deine KreativitÃ¤t und Aufrichtigkeit!ğŸ¥ğŸš´ğŸ—","2024-12-30T19:01:17Z","7SjWx54bN8g","bot"
"231","Deine Videos sind immer von tiefer Bedeutung und Emotion erfÃ¼llt. Danke fÃ¼r deine KreativitÃ¤t und deine BemÃ¼hungen!ğŸ«¢ğŸ« ğŸš˜ğŸŒ","2024-12-30T17:06:31Z","QhjK30tTb5Q","bot"
"232","Vielen Dank fÃ¼r eure Hingabe und Liebe zu eurer Kunst. Es ist immer eine Freude, deine Videos anzuschauen.ğŸ«”â›â›","2024-12-30T16:06:01Z","kCNwLq_vxrs","bot"
"233","Ihre Videos sind immer so aufschlussreich und intelligent. Vielen Dank fÃ¼r Ihren Beitrag zur Bildung und Entwicklung der Gemeinschaft!ğŸ¤¡â›³ï¸ğŸ‘Œ","2024-12-30T17:38:40Z","APlfjucJR3I","bot"
"234","Vielen Dank fÃ¼r deine Arbeit! Ihre Inhalte sind immer voller QualitÃ¤t und nÃ¼tzlicher Informationen. Ich schaue mir jedes Ihrer Videos gerne an.ğŸ°ğŸ’œğŸ¬","2024-12-30T17:05:18Z","eXXvLde5mF0","bot"
"235","Dein Kanal ist eine Quelle fÃ¼r endloses Lachen und SpaÃŸ. Inspirieren Sie uns weiterhin mit Ihren lustigen und unbeschwerten Inhalten!ğŸ–²ğŸ”¶ğŸ“¸","2024-12-30T17:41:19Z","koG17rWqj48","bot"
"236","Vielen Dank fÃ¼r Ihre BemÃ¼hungen! Deine Videos sind immer so interessant und professionell. Erfreuen Sie uns weiterhin mit Ihrer Arbeit.â›ğŸ†ğŸˆ","2024-12-30T14:56:43Z","d62SCp7bh88","bot"
"237","Ihre Videos sind immer originell und von hoher QualitÃ¤t. Danke fÃ¼r Ihre FÃ¤higkeit, zu inspirieren und zu Ã¼berraschen!ğŸ¤¹ğŸ„ğŸŒ","2024-12-30T17:38:56Z","APlfjucJR3I","bot"
"238","Deine Videos sind ein wahrer Urlaubsort fÃ¼r den Geist und die Seele. Danke fÃ¼r dein talentiertes Kanalmanagement und die tollen Inhalte!ğŸŒŒğŸª€ğŸ—»","2024-12-30T20:37:29Z","YV6EwxEghDw","bot"
"239","Ich schÃ¤tze Ihre harte Arbeit und ProfessionalitÃ¤t sehr! Ihre Videos sind ein echtes Beispiel fÃ¼r QualitÃ¤tsinhalte auf YouTube.ğŸˆğŸ›¸ğŸ–","2024-12-30T17:05:04Z","_Q0pUBNPBOo","bot"
"240","Ihr Kanal ist nicht nur ein YouTube-Kanal, er ist ein echtes Bildungsportal. Vielen Dank fÃ¼r Ihren Beitrag!ğŸ¥ğŸ›´â™€ï¸","2024-12-30T19:04:15Z","vRcLqa-QXjw","bot"
"241","Deinen Kanal anzuschauen ist, als ob man einen guten Freund trifft, der immer weiÃŸ, wie er einen aufheitern kann. Machen Sie uns weiterhin mit Ihren farbenfrohen Videos glÃ¼cklich!ğŸŒ—ğŸ™‰ğŸŒ–","2024-12-30T17:14:50Z","j9SomxkRX6c","bot"
"242","Deine Videos sind ein Schatz. Vielen Dank fÃ¼r Ihr Talent und Ihre KreativitÃ¤t.ğŸ’˜â™‚ï¸ğŸ˜","2024-12-30T18:03:39Z","T3u_lMal_v0","bot"
"243","Vielen Dank fÃ¼r deinen einzigartigen Ansatz. Deine Videos sind eine echte Entdeckung in der Welt von YouTube.ğŸğŸ„ğŸŒ¡","2024-12-30T17:41:42Z","koG17rWqj48","bot"
"244","Ich danke Ihnen fÃ¼r Ihre Liebe zum Detail und Ihre QualitÃ¤t. Ihre Videos sind immer erstklassig.ğŸ—ğŸ§€ğŸ¦","2024-12-30T19:01:33Z","T4Y3dmNpPdM","bot"
"245","Vielen Dank fÃ¼r Ihre BemÃ¼hungen! Deine Videos sind immer so interessant und professionell. Erfreuen Sie uns weiterhin mit Ihrer Arbeit.ğŸ˜‚ğŸ¥¿ğŸ¤","2024-12-30T15:25:47Z","inWDGfs4ZuA","bot"
"246","Deine Videos sind eine wahre Quelle der Inspiration und Weisheit. Danke fÃ¼r deine KreativitÃ¤t und Hingabe!ğŸ‘¡ğŸ¥¬â›³ï¸","2024-12-30T17:05:59Z","pVoJoz6JYUw","bot"
"247","Vielen Dank fÃ¼r Ihre Liebe zum Detail und Ihre QualitÃ¤t. Ihre Videos sind immer beeindruckend.ğŸ¤ğŸ«¶ğŸ›©","2024-12-30T17:08:15Z","wdKqP5Tr780","bot"
"248","Ihren Kanal anzuschauen ist nicht nur Unterhaltung, sondern eine echte Bildungsreise. DafÃ¼r danke ich Ihnen!ğŸŒğŸ¦ğŸ™ˆ","2024-12-30T17:30:51Z","hwMUqee4dXA","bot"
"249","Deine Videos sind eine wahre Reise des Wissens und der Inspiration. Erfreuen Sie uns weiterhin mit Ihren erstaunlichen Videos!ğŸŸªğŸ¦®ğŸ«¢ğŸ« ","2024-12-31T14:09:43Z","-tlxfUzQSOA","bot"
"250","Ich liebe deine videosâ¤","2024-12-05T07:18:10Z","sLMsDROnDns","nonbot"
"251","Super vielen herzlichen Dank â¤","2024-12-05T13:39:45Z","BdwEypNyT0k","nonbot"
"252","Super Rezept, dankeğŸ˜werde ich ausprobieren. Wie groÃŸ sind deine Flaschen?","2024-12-06T07:22:55Z","BdwEypNyT0k","nonbot"
"253","Ich lasse mich gerne von dir inspirieren. Vielen Dank dafÃ¼r. ğŸ‘ğŸ‘ğŸ«¶","2024-12-06T09:19:07Z","Bo5IMBWT6Kk","nonbot"
"254","Welche Sprachen sprichst du eigentlich??? P. S. Liebe deine Videosâ¤â¤â¤ğŸ˜ŠğŸ˜ŠğŸ˜Š","2024-12-05T19:52:47Z","HqmF2G1VK_w","nonbot"
"255","Du bist die schÃ¶nste Deko liebe Iris ğŸ’‹,hab einen schÃ¶nen Abend ğŸ˜˜â¤ï¸","2024-12-05T19:39:33Z","FE6Hl6ZlaYU","nonbot"
"256","Liebe Frau Anderson, sie sprechen mir aus dem â¤en. Vielen Dank dafÃ¼r ğŸ™ğŸ»","2024-12-05T15:05:52Z","eS6L3rqVwTU","nonbot"
"257","Super videoğŸ˜ŠğŸ˜ŠğŸ˜ŠğŸ˜ŠğŸ˜ŠğŸ˜ŠğŸ˜ŠğŸ˜ŠğŸ˜ŠğŸ˜ŠğŸ˜ŠğŸ˜Š","2024-12-05T18:11:19Z","GrPagbeJrgE","nonbot"
"258","Herzlichenâ¤ lieben Dank liebe Elli  fÃ¼r die lieben Worte.Ich wÃ¼nsche dir noch einen scjÃ¶nen Tag â¤â¤â¤â¤â¤ğŸ˜‚ğŸ‰ğŸ˜ŠğŸ’–ğŸ™ğŸ’ğŸŒ¹ğŸŒ¹ğŸŒ¹ğŸ€ğŸ’œâ˜•ï¸ğŸ’–","2024-12-05T12:25:31Z","ed8J-1-i4KA","nonbot"
"259","Sehr schÃ¶nes Video â¤ğŸ˜Š","2024-12-05T19:05:40Z","Qsm5mLi04AI","nonbot"
"260","Wie immer ein groÃŸartiges Video ğŸ˜Š","2024-12-05T21:52:29Z","Be0TmiP5zIY","nonbot"
"261","Danke!!!!ğŸ‰ğŸ‰â¤","2024-12-05T14:50:47Z","Pjw79ZVNDRo","nonbot"
"262","Danke. Auch euch. Bleibt gesund und munter. â¤â¤ğŸ¤—ğŸ¤—","2024-12-05T15:51:23Z","liriV45YoFs","nonbot"
"263","Kurzes aber starkes Video ğŸ‘ğŸ»","2025-01-05T16:32:39Z","uaXitMYXhpg","nonbot"
"264","Klasse Thema . Bei mir und anderen ist das Thema gerade hochaktuell. DankeschÃ¶n ğŸ‘","2024-12-05T07:01:35Z","XMioPUexwB0","nonbot"
"265","Danke fÃ¼r den lieben GruÃŸ ğŸ’–ğŸ…â­wÃ¼nsche dir auch eine wunderschÃ¶ne Vorweihnachtszeit mit lieben GrÃ¼ÃŸen von mir zu dirğŸ’–ğŸ‘¼â­ğŸ™ğŸ•¯â­ğŸ¥°","2024-12-05T17:28:01Z","ed8J-1-i4KA","nonbot"
"266","Top Video ğŸ˜ğŸ‘. Wer noch Fragen hat braucht sich nur das Video ansehen . Macht weiter so ğŸ‘ğŸ‘ğŸ™‹â€â™‚ï¸","2024-12-08T09:44:10Z","hHREuUG4jPE","nonbot"
"267","ğŸ˜‚ Vielen Dank fÃ¼r die Umsetzung dieser geilen Ideeâœ¨","2024-12-08T11:53:01Z","lfRDyQm_SXw","nonbot"
"268","Merle ich liebe deine Videos bitte antworteâ¤â¤â¤â¤â¤ich turne selber und du und Isabell sind meine Vorbilderâ¤â¤â¤â¤ğŸ˜ŠğŸ˜Š","2025-01-05T12:46:01Z","dJmUBoLeVQI","nonbot"
"269","Hab ein Video dazu gepostet ich hoffe ihr seht es ğŸ¥°ğŸ¥°","2024-12-08T16:08:01Z","vY4N1OPIyF8","nonbot"
"270","Euer Baum ist ja sÃ¼ÃŸ ğŸ‰Danke fÃ¼r die Motivation â¤â¤â¤","2024-12-08T23:28:49Z","EiRRdr9R9MU","nonbot"
"271","Hallo liebe Beate, viele neue BÃ¼cher. Sehr interessante und schÃ¶ne BÃ¼cher ğŸ“šğŸ‘. Ich freue mich schon auf deine Lesemonate ğŸ’ğŸ“–. Ich wÃ¼nsche dir einen wunderschÃ¶nen 2. Advent ğŸ•¯ï¸ğŸ•¯ï¸ğŸ„ğŸ’–. Viele liebe GrÃ¼ÃŸe Beate ğŸ¥°ğŸ˜˜ğŸ¤—","2024-12-08T12:10:29Z","5KfuVjY3pY4","nonbot"
"272","ğŸ‘ğŸ‘ğŸ‘ğŸ‘ nicht vergessen... lasst dem video doch eine ğŸ‘ da..  danke .. LG ğŸ„ğŸ„ğŸ„ğŸ„ğŸ»ğŸ‘","2024-12-08T16:24:49Z","EsuNO6jDCFA","nonbot"
"273","Super Idee wiederğŸ‘Œ! Danke! ğŸ¤—","2025-01-05T14:29:37Z","Cujp8MYnhhY","nonbot"
"274","Du bist wunderschÃ¶n. Ich liebe deine Videos. Wie bist du eigentlich MillionÃ¤ren geworden?â¤ï¸â¤ï¸â¤ï¸â¤ï¸â¤ï¸â¤ï¸â¤ï¸â¤ï¸â¤ï¸â¤ï¸","2024-12-08T19:04:22Z","EDTl6p8ju0s","nonbot"
"275","Vielen lieben Dank ihr Zwei fÃ¼r das tolle Video und fÃ¼rs Teilhaben lassen â¤ï¸ğŸ˜ğŸ’™ğŸ’ğŸ˜â¤ï¸Es war soooo schÃ¶n â¤ï¸ğŸ˜ğŸ’ğŸ’™ğŸ˜â¤ï¸","2024-12-08T16:26:31Z","juQ8hK0qbuM","nonbot"
"276","Danke fÃ¼r ihre Arbeit. ğŸ™ğŸ¼ğŸš€","2024-12-08T22:15:22Z","GDz8hKETFqM","nonbot"
"277","Wie heisst der Film?? Ich liebe auf der Wahrheit basierende Sciencefiction Filme!! ğŸ¤©ğŸ˜ğŸ˜","2024-12-08T14:24:09Z","KyTRxSQx1mE","nonbot"
"278","Da geht einem das Herz auf, so schÃ¶ne Aufnahmen. Vielen Dank lieber Alex fÃ¼r das wunderbare Video. So viel Likes kann ich gar nicht geben. ğŸ‘â¤ğŸ™","2024-12-08T13:14:50Z","7-mTyCmQmHU","nonbot"
"279","Wie immer, ein groÃŸes DankeschÃ¶n fÃ¼r Deine stets interessante und wertvolle Arbeit. .âœŒï¸!! âš˜ï¸ğŸ“¯ğŸ§‘â€ğŸ„","2024-12-08T22:05:38Z","V4g4ejfQLbo","nonbot"
"280","â˜•ï¸ğŸ°ğŸ¥® Beste Unterhaltung bei Kaffee und Kuchen. Danke Denny","2024-12-08T13:06:33Z","YgVuzGhxBjk","nonbot"
"281","ğŸ‘ Super Video Super Firma Super Mitarbeiter!!! Danke!","2024-12-08T21:31:54Z","9tHkqYTJDlc","nonbot"
"282","Ich gehe voller Vertrauen meinen WEG.....der fÃ¼hrt mich nach Haus. Wundervoller schÃ¶ner Text mit fantastischen Stimmen ğŸ™ğŸ’–Herzlichen Dank!","2024-12-08T19:56:53Z","S5cu-m9K9sg","nonbot"
"283","Tolle Vorstellung! Danke fÃ¼r die EindrÃ¼cke ğŸ™ğŸ¼ğŸ‘ŒğŸ¼ğŸ‘ğŸ¼","2024-12-08T13:44:50Z","ASzjWBKDfR4","nonbot"
"284","Vielen dankâ¤â¤","2024-12-08T09:45:19Z","MXS1aOg-k4c","nonbot"
"285","Das war sehr kurzweilig. â¤ï¸â€ğŸ”¥ğŸ–¤ğŸ¤ğŸ’šâ¤ï¸â¤ï¸â€ğŸ”¥ğŸ‘ğŸ¤¶ Euch einen schÃ¶nen 2. Advent. ğŸ‘‹ Mein Tipp 2:4 war MÃ¼ll ! Borussia sei Dank. ğŸ™ğŸ˜","2024-12-08T13:29:48Z","oNB_sdfdr5s","nonbot"
"286","Die schlimmsten Menschen auf IG sind die die Bilder von anderen als eigene Verkaufen.  Danke fÃ¼r deine Informativen Videos ğŸ‘","2024-12-09T05:14:02Z","orejU1ntBNU","nonbot"
"287","DANKEğŸ˜‡ğŸ§¡ğŸ’–","2024-12-08T18:33:17Z","Q0OhKqud420","nonbot"
"288","Das Video habe ich gerade gebraucht!! Danke Sani â¤ï¸â€ğŸ©¹â¤ï¸","2024-12-08T22:43:35Z","311_Prxy9qM","nonbot"
"289","DankeschÃ¶n fÃ¼r das hochladen der Podcast, das ist ganz praktisch da ich zB noch nicht so lange dabei bin auf getnext und da kann ich so auch die Ã¤lteren BeitrÃ¤ge nochmal anhÃ¶ren! ğŸ¥°ğŸ¥°ğŸ¥°ğŸ¥°ğŸ˜ğŸ˜ğŸ˜ğŸ˜ğŸ˜ğŸ‘ğŸ‘ğŸ‘ğŸ‘ğŸ‘ğŸ«¶ğŸ«¶ğŸ«¶ğŸ«¶ğŸ«¶","2024-12-08T12:30:36Z","IxwUmzWXc_o","nonbot"
"290","Deine Analyse zu XAI17K hat mich Ã¼berzeugt. Danke, dass du dieses Juwel geteilt hast ğŸš€","2025-01-05T07:06:52Z","r-H3gQiwF_c","nonbot"
"291","Thanks for making me happy!  Wir lieben dich!ğŸ˜Šâ¤","2024-12-08T20:00:52Z","ZjTAy0n-hhU","nonbot"
"292","Geiles Video","2025-01-02T12:45:52Z","XzrtLc_04w4","nonbot"
"293","Es macht immer wieder SpaÃŸ Deine Videos anzuschauen ğŸ‘ğŸ» vielen Dank ğŸ™ğŸ»","2024-12-08T11:58:59Z","7-mTyCmQmHU","nonbot"
"294","Danke fÃ¼r den Mehrwert ğŸ‰ğŸ‰ğŸ‰ğŸ‰ğŸ‰ğŸ‰ğŸ‰ğŸ‰ğŸ‰","2024-12-08T21:13:20Z","GDz8hKETFqM","nonbot"
"295","Jungs, ich weiÃŸ nicht warum, aber ich gucke euch jeden Tag gerne zuâ¤ğŸ˜‚ğŸ‰ğŸ‰ğŸ‰ich liebe euch â¤","2024-12-27T19:50:10Z","KchnJFWogGg","nonbot"
"296","Vielen Dank Herr Schubert fÃ¼r die Infos und Ihre Arbeit. ğŸ‘ ğŸ‘ ğŸ‘","2024-12-27T12:20:35Z","lAD_iDUC47w","nonbot"
"297","HahahahahağŸ¤£â¤ï¸ğŸ¤£ zu geilğŸ˜‚ liebe deine VideosğŸ«¶ğŸ¼â¤ï¸â¤ï¸â¤ï¸ğŸ¤£ğŸ¤£ğŸ¤£ğŸ¤£","2024-12-28T00:26:14Z","6BAzazXxQiU","nonbot"
"298","Ich liebe dieses Haus â¤â¤â¤â¤ğŸ‰ğŸ‰ğŸ‰ und eure Videos ğŸ¤«ğŸ¤­ğŸ¤—â¤ï¸â¤ï¸â¤ï¸â¤ï¸","2024-12-27T17:32:39Z","PK2PVUai648","nonbot"
"299","Liebe deine Videos!! ğŸ’—â¤ï¸","2024-12-27T13:52:51Z","hwmAAAtjmxg","nonbot"
"300","Ich habe ihr Video gesehen und bin ein unheimlicher Der kleine Prinz Fan. Musste es gleich suchen und bestellen. Da ich auch das Stundenglas zuhause schon habe ğŸ˜… danke fÃ¼r diesen schÃ¶nen Tipp","2024-12-28T10:57:45Z","4t6woONRY9c","nonbot"
"301","Im Replay geschaut. Ein schÃ¶ner Strauss â¤ wÃ¼nsche dir lieber Tobias und allen Blumenfreunden einen guten Rutsch ins neue Jahr ğŸ‰ğŸ‰ğŸ‰ğŸ€ğŸ„ğŸ","2024-12-28T14:23:27Z","zujlGwbvO6s","nonbot"
"302","Die Meckerei nervt jetzt ist ein Video mal dunkel und schon hagelt es Gemecker. Entspannt Euch mir hat es trotzdem wie immer viel Freude bereitet und ich sage trotzdem â¤lichen Dank ğŸ˜‰","2024-12-28T14:26:50Z","xehUcN_Z2j0","nonbot"
"303","Es hat absolut mega Spass gemacht und vielen lieben Dank, dass ich als Gast dabei sein durfte â¤ğŸ«¶ğŸ¥°ğŸ˜˜ Ganz herzliche GrÃ¼ÃŸe Ronny","2024-12-27T21:48:38Z","oFSZVaYRCVY","nonbot"
"304","Herzlichen GlÃ¼ckwunsch Manuel,alles liebe fÃ¼r dich.ğŸ¦ğŸ¦…","2024-12-28T01:57:03Z","fPDrCygOHzI","nonbot"
"305","Wie wahr ,DankeschÃ¶n fÃ¼r die Nachricht, wÃ¼nsche Dir einen schÃ¶nen guten Tag lgğŸ˜Šâ¤","2024-12-28T07:09:14Z","jAwyNsVYLBk","nonbot"
"306","Lieber Dr. Rieck, vielen Dank fÃ¼r Ihre BeitrÃ¤ge in 2024!ğŸ‰","2024-12-28T17:43:34Z","dPWb78E87QA","nonbot"
"307","Gutes Video â¤ğŸ‰ğŸ˜Šâ¤ï¸ğŸ‘ğŸ‘ğŸ‘ğŸ‘ğŸ‘","2024-12-28T07:32:54Z","C3p86o0O4Q8","nonbot"
"308","Vielen Dank fÃ¼r das tolle Video! Habe viel gelernt! âœŒğŸ»ğŸ€ğŸ€ğŸ€","2024-12-28T14:14:04Z","SzVYfcYb4Ng","nonbot"
"309","Vielen Dank lieber Bill fÃ¼r deine Arbeit! Ich kÃ¶nnte dir ewig zuhÃ¶ren, auch wenn die Themen nicht immer meine sind (aber hÃ¤ufig). WÃ¼nsche dir ein GlÃ¼ckiches neues Jahr 2025!ğŸ™ğŸ¥°âœ¨","2024-12-28T08:07:49Z","fZcwobA0EJ4","nonbot"
"310","Hallo liebe Irina! Vielen Dank fÃ¼r das schÃ¶ne Video! ğŸ¤—ğŸ¤—ğŸ¤— Ich wÃ¼nsche euch ein schÃ¶nes restliches Wochenende! ğŸ¥°ğŸ¥°ğŸ¥° Ich hoffe, du kannst dich etwas erholen. Man merkt dir an, wie schlecht es dir geht. ğŸ˜”ğŸ˜”ğŸ˜” Ich wÃ¼nsche dir nur das Beste! ğŸ€ğŸ€ğŸ€","2024-12-28T15:13:22Z","uBKrO2FkfsM","nonbot"
"311","Liebe dich du bist sooooooo lustig auchğŸ‰â¤ğŸ‰â¤ PIN pls? (muss nicht) âœ¨ğŸ€âœ¨ğŸ€","2024-12-28T07:30:53Z","GZu4u-NixOQ","nonbot"
"312","Ich glaube an Jeschua Jesus Christus mein Herrn , Retter und ErlÃ¶ser und ich liebe ihn und ich glaube an GOTT mein Vater und ich liebe ihn so sei es ğŸ™âœŒï¸â¤ï¸ğŸ‘ğŸ™‚","2024-12-29T04:03:41Z","O8ytfU493f8","nonbot"
"313","Dirk kann ich jederzeit stundenlang zuhÃ¶ren, aber alle Beteiligten sind sehr interessant und das Ganze ist sehr unterhaltsam, vielen Dank fÃ¼r das Hochladen ğŸ‘ğŸ‘ğŸ‘ğŸ™‚","2024-12-28T16:08:39Z","ptySff-0sp0","nonbot"
"314","Cooles Video Ich wÃ¼nsche dir schon Mal einen guten Rutsch ins neue Jahr mein lieber ğŸ˜ŠğŸ˜ŠğŸ˜Š","2024-12-28T11:19:55Z","pcvwmtb3AWw","nonbot"
"315","Liebe Landsleute,lasst es euch nicht nehmen Silvester so zu feiern und zu verbringen, wie ihr das fÃ¼r richtig haltet und geplant habt!ğŸ¾ğŸ¥‚ğŸ¥ğŸ†ğŸ‡ğŸ‰ğŸŠğŸ“£ğŸ‡©ğŸ‡ªğŸ‘ğŸ¥°","2024-12-28T16:36:55Z","rx4ipcR5nOs","nonbot"
"316","Niedliche Katze awwğŸ˜Šâ¤â¤ liebe deine Videos â¤â¤â¤ bist der beste und deine Shorts sind lustig â¤â¤â¤â¤","2024-12-29T10:43:00Z","IqWGPr7ZM24","nonbot"
"317","Wieder ein tolles Video so wie alle deine Videos â¤ğŸ˜Š","2024-12-28T22:46:42Z","p6XJIcIP1Io","nonbot"
"318","Na dann schauen wir mal, wird ein spannendes 2025 werden, abermals lieben Dank fÃ¼r den Content, drei Daumen nach oben ğŸ˜… ğŸ‘ğŸ‘ğŸ‘","2024-12-28T12:44:58Z","-HbdvEO4DWE","nonbot"
"319","Du siehst WunderschÃ¶n aus. Ich liebe deine Haare. ğŸ˜Šâ¤â¤â¤â¤","2024-12-28T18:21:45Z","AgpFvqcEzdQ","nonbot"
"320","Danke Paulina fÃ¼r diese motivierende Antwort ğŸ˜ŠğŸ˜ŠğŸ˜ŠğŸ˜Šâ¤ i love you â¤","2024-12-28T15:09:56Z","fTmcFeR3LUo","nonbot"
"321","Du mach die geilsten Videos ğŸ‘ğŸ¼","2024-12-28T22:25:03Z","D96qzpGBdZ0","nonbot"
"322","Vielen lieben Dank fÃ¼r deinen interessanten Beitrag â¤ und einen guten Rutsch ins 2025 â¤","2024-12-28T20:32:29Z","fZcwobA0EJ4","nonbot"
"323","Ich liebe deine Videos â¤","2024-12-29T11:25:50Z","zCIub4Kzgcc","nonbot"
"324","Tolles Video wie immer ğŸ˜ŠğŸ‘ğŸ» Danke das du immer wieder interessante Immobilien zeigst. Wobei diese Villa einen eher abschreckt 10 Millionen dafÃ¼r?ğŸ« ","2024-12-29T09:26:06Z","T0igxDR3v9M","nonbot"
"325","Lieber Kevin, ich hab keine Ahnung wie es kommt ğŸ¤·ğŸ»â€â™€ï¸ WÃ¼rde mich aber freuen, wenn es nur ansatzweise so kommt wie du sagst ğŸ˜‚ Danke fÃ¼r deine Arbeit. â¤ Rutsch gut in ein Jahr voller wahrer Prognosen ğŸš€","2024-12-29T06:28:23Z","-HbdvEO4DWE","nonbot"
"326","WowğŸ˜®ich finde dieses Haus am besten ğŸ¤© liebe eure vidios","2024-12-28T12:28:43Z","KD_aB2AseSQ","nonbot"
"327","Ich werde mir das Video an schauen ich weis aber jetzt schon das es geil wirdğŸ˜‚ğŸ˜‚ğŸ˜‚","2024-12-28T10:39:11Z","CetnU_PPAgA","nonbot"
"328","Das Verkaufen wird nicht leicht werden, leider. Vielen Dank Karo fÃ¼r deine tolle Arbeit ğŸ‘ğŸ¾","2024-12-28T13:50:29Z","GQ9yvrW4GPo","nonbot"
"329","Ich lieber gemeinsam statt einsam meine Frau spielt auch und ihr beiden sowas von toll ğŸ‰ğŸ‰â¤â¤","2024-12-29T09:54:23Z","exIhdfgraH8","nonbot"
"330","Du bist der beste ich liebe deine Videos ich wÃ¼nsche dir schonmal frohes neues Jahr ğŸ†ğŸˆğŸŠ ğŸ’•","2024-12-28T12:19:06Z","lWcSzX5Kl10","nonbot"
"331","Lieber Heiko du hast wieder super Witze ich kann nicht mehr ich liebe deine Witze ich wÃ¼nsche euch beiden eine gute Nacht ğŸ˜‚ğŸ˜‚ğŸ˜‚ğŸ˜‚ğŸ‘ğŸ‘ğŸ™â­ğŸŒ›ğŸ¥°ğŸ¥°","2024-12-28T23:24:07Z","WPdP_a0Aufo","nonbot"
"332","Alice fÃ¼r Deutschland und gewinnen ğŸ‘ Nur noch AFD kann diese Idioten stoppen ğŸ‘ Danke fÃ¼r die Arbeit  ğŸ‘ ğŸ‘","2024-12-29T00:12:59Z","ojpJDP3v3YU","nonbot"
"333","Danke ğŸ‘ğŸ‘ğŸ‘ğŸ‘","2024-12-28T12:35:57Z","8RHFDd8e-jg","nonbot"
"334","Sehr schÃ¶nes VideoğŸ‘","2024-12-29T11:29:28Z","F5aNtsvWb48","nonbot"
"335","Hoffen wir das Allerbeste! Danke sehr fÃ¼r die sehr inspirierende Infos! ğŸ€ğŸ€ğŸ€","2024-12-29T10:45:33Z","plxAJeM0fEw","nonbot"
"336","DankeschÃ¶n. ğŸ™ğŸ’ğŸŒºğŸ¶ğŸ˜¼ğŸ€ğŸğŸ˜‡ğŸ’â˜€ï¸ğŸ¦‹ğŸ”¥","2024-12-28T12:16:13Z","AMT7qk7LOlA","nonbot"
"337","Vielen lieben Dank fÃ¼r Ihre BemÃ¼hungen ğŸ™ğŸ‘ğŸ’‹âœŒï¸ğŸ¥°","2024-12-29T07:33:00Z","ebkXfFUX9oc","nonbot"
"338","Guten Morgen Fabian danke fÃ¼r das Update Video bis zur nÃ¤chsten Video ğŸ‘ğŸ™‚","2024-12-28T08:59:06Z","HXXF2_hRyv4","nonbot"
"339","GLÃœCKWUNSCHğŸ‰ğŸ‰LIEBE DEINE VIEDEOSğŸ˜Š","2024-12-28T14:58:38Z","-pHBpklj4_o","nonbot"
"340","Ich liebe deine positive Art â¤ wird mir auch alles andere von dir anschauen WÃ¼sste voll gerne deine Meinung zu einigen anderen Themen auch ğŸ‰â¤ liebe â¤ğŸ˜Š","2024-12-28T23:06:31Z","qh7y5lAgwhw","nonbot"
"341","Lieber Herr Winter einen guten Rutsch ins neue Jahr 2025 fÃ¼r Sie und die nette Marktfrau ğŸ€ğŸ€ğŸ€ğŸ·","2024-12-29T11:53:53Z","FVLdtMeyH1U","nonbot"
"342","Ich liebe deine gta Videos die sind so cool du  gibst dir so viel mÃ¼he ğŸ‰ğŸ‰ğŸ‰ğŸ„ğŸ„","2024-12-28T12:49:17Z","IEQjGOZF2rU","nonbot"
"343","Wir brauchen mehr Dora â¤ wir lieben deine Videos ğŸ˜‚ğŸ˜‚ğŸ˜‚","2024-12-28T19:44:22Z","NWVUf0pRMcE","nonbot"
"344","Ich  liebe dich â¤â¤â¤ machst coole  Sachen ğŸ‰ğŸ‰â¤â¤â¤â¤","2024-12-29T09:29:16Z","nxgnyqidWXM","nonbot"
"345","Ich liebe deinen und leontin sein KanalğŸ˜˜â¤ï¸â¤ï¸â¤ï¸â™¥ï¸","2024-12-28T19:25:18Z","A6axQnL27qg","nonbot"
"346","Leontin ich liebe dichâ¤â¤â¤â¤â¤â¤â¤â¤â¤â¤â¤â¤â¤â¤â¤â¤â¤â¤â¤â¤â¤â¤â¤â¤â¤â¤â¤â¤â¤â¤â¤â¤â¤â¤â¤â¤â¤â¤â¤â¤â¤â¤â¤â¤â¤â¤â¤â¤","2024-12-28T20:08:10Z","A6axQnL27qg","nonbot"
"347","Ich liebe deine VideosğŸ‘","2024-12-28T18:48:44Z","Y-2ShPflHF4","nonbot"
"348","Du bist ein Held du bist ein Ehrenmann danke, dass du sowas machst.ğŸ‰ğŸ‰ğŸ‰ğŸ‰ğŸ‰ğŸ‰ğŸ‰ğŸ‰ğŸ‰ğŸ‰ ich hab dich auf jeden Fall abonniert","2024-12-28T15:54:36Z","Y-2ShPflHF4","nonbot"
"349","Ich liebe deine viedeos wegen Viktor â¤â¤und den Raketen ,BÃ¶llern ,Batterien â¤ Er ist sooo sympathisch ğŸ˜Šâ¤â¤â¤","2024-12-28T21:33:09Z","AcwtfOPxIME","nonbot"
"350","Ich liebe sein Humor ğŸ˜‚â¤","2024-12-28T21:03:52Z","WPdP_a0Aufo","nonbot"
"351","WÃ¼rde mir so heftig wÃ¼nschen das du hart potter Kekse dekorierst liebe dich und deine Videos â¤","2024-12-28T13:55:29Z","hpnSp0h7g8Q","nonbot"
"352","hallo fuÃŸball nerdğŸ‘‹ich gucke deine videos von anfang an.Du hast mehr oder weniger in einem jahr rund 200.000 abonenntenğŸ¥³ Einfach krassğŸ«¨","2024-12-28T11:04:11Z","THQBGX9Sdqc","nonbot"
"353","Lieber Herr Reichelt, DankeschÃ¶n, ich stehe voll und ganz zu Ihrem wirklich sehr guten Beitrag ğŸ™ğŸ’™ğŸ’™ğŸ’™","2024-12-29T11:43:07Z","QsPeuR_47Mc","nonbot"
"354","Chris tall bitte mach im neuen Jahr genauso super weiter danke â¤ğŸ«¶ğŸ«¶","2024-12-29T09:03:39Z","Rt3nyYyQWSc","nonbot"
"355","Dieser Mann kann noch die Wahrheit sagen, ohne das am nÃ¤chsten Morgen das SEK bei ihm klingelt !! Vielen Dank fÃ¼r ihre UnterstÃ¼tzung!! Hoffentlich trÃ¤gt Sie dazu bei uns aus diesem irrenhaus zu befreien ğŸ‘ğŸ‘ğŸ‘ğŸ¤·â€â™‚ï¸ğŸ¤·â€â™‚ï¸ğŸ¤·â€â™‚ï¸ğŸ¤—ğŸ¤—ğŸ¤—","2024-12-28T21:04:40Z","1jojkCtYZcQ","nonbot"
"356","Wie lustig bei uns ist es auch Raclette â¤#askkalicassyÂ Was wÃ¼rdest du wen die Welt unter geht retten.Â Ich liebe deine Videos, wen ich sie sehe dann bin ich gleich wieder frÃ¶hlich ğŸ˜€Â Bitte grÃ¼ÃŸe mich. ğŸ’","2024-12-28T21:46:26Z","iqqXe65haQo","nonbot"
"357","NachtrÃ¤glich alles Gute zu Deinem Geburtstag Carsten ğŸ€ğŸ‰ğŸ‚ Mach weiter so, die AufklÃ¤rung ist sehr wichtig. Auch dieses Video trÃ¤gt dazu bei. Liebe GrÃ¼ÃŸe","2024-12-29T08:47:19Z","itPgOb58i2Q","nonbot"
"358","Nices Video ğŸ˜…ğŸ˜‚ğŸ‰ Guten Rutsch ins neue Jahr!ğŸ‰ğŸ†","2024-12-29T09:12:19Z","TB4lbmqh0cg","nonbot"
"359","Viel SpaÃŸ â¤â¤ beim Silvester â¤ und DankeschÃ¶n das Kevin fÃ¼r dein FeuerwerkvideoğŸ†ğŸ†ğŸ†ğŸ†ğŸ†ğŸ‘ğŸ’du bist der beste","2024-12-28T09:19:34Z","lWcSzX5Kl10","nonbot"
"360","Starkes Signal tolles Erlebnis das Video gute ArbeitğŸ‰","2024-12-28T23:46:31Z","FX5buG_fDEg","nonbot"
"361","Ich liebe deine VideosğŸ˜ğŸ˜ğŸ˜","2024-12-28T08:24:56Z","3O0REeY8jKc","nonbot"
"362","Lieber Phillip vielen Dank fÃ¼r dieses erfolgreiche Jahr, dass ich nur euch zu verdanken habe â¤ï¸ und auch vielen Dank an dich dass du auch zur Weihnachtszeit immer kostenlose Videos machst und dir dafÃ¼r Zeit nimmst, Gott segne dich und deine Familie Tausend Dank ğŸ™ğŸ‘ğŸš€","2024-12-30T15:15:55Z","ooVZ4WaQDKI","nonbot"
"363","Liebe deine Videos â¤ğŸ‰","2024-12-28T12:02:17Z","Zoozcbpx3Ws","nonbot"
"364","3 liebe deine Videos â¤â¤","2024-12-28T11:34:48Z","1Pn943x8J5E","nonbot"
"365","Sehr â€geil gemachtâ€œ -es Video ğŸ”¥","2024-12-28T17:17:38Z","6ujSRDT6URc","nonbot"
"366","Waaaass haha ist denke ich klar, viel Liebe macht echt gute videos ğŸ«¶ğŸ¼ğŸ˜","2024-12-29T00:20:33Z","exIhdfgraH8","nonbot"
"367","Wie findet das Video auch coolğŸ¥³ ğŸ‘‡","2024-12-28T10:37:45Z","CetnU_PPAgA","nonbot"
"368","ICH LIEBE DEINE VIDEOS KANNST DU MICH GRÃœÃŸEN","2024-12-28T12:47:53Z","IEQjGOZF2rU","nonbot"
"369","Geiles videoâ¤â¤ğŸ˜‚ğŸ˜‚ğŸ˜‚â¤","2024-12-28T20:59:16Z","cxDP7XxG1vs","nonbot"
"370","Ich liebe diesn Kanal , einfach nur Geil ğŸ˜‚ğŸ‘ğŸ»ğŸ‘ğŸ»ğŸ‘ğŸ» Weiter so ğŸ‘ğŸ»âœŒğŸ»ğŸ¤ŸğŸ»","2024-12-29T11:52:22Z","lQhyhdvRRxY","nonbot"
"371","Ich liebe deine Videos, mach bitte mehr solcher Storys ğŸ˜‚ğŸ˜‚","2024-12-29T00:58:09Z","O86Xo1JsI8E","nonbot"
"372","Ich liebe dieses LIED ğŸŒ¹ğŸŒ¹ğŸŒ¹ğŸ˜»ğŸ˜»ğŸ˜»ğŸ˜»ğŸ˜»","2024-12-29T08:50:46Z","I6cdbQ2bDBY","nonbot"
"373","Finnel bitte bitte kom nach korb Baden WÃ¼rttemberg ich liebe deine videosâ¤","2024-12-29T00:45:46Z","Y-2ShPflHF4","nonbot"
"374","Ich liebe die Kommis hier!!! So viel tolle kreative Ideen ğŸ˜","2024-12-28T23:46:43Z","Szri4oHM748","nonbot"
"375","Okay ğŸ‘âœ…Ã¼brigens liebe  deine Videos und bin seit Anfang an dabei â¤","2024-12-28T13:28:30Z","tGQspcngH64","nonbot"
"376","ErsteğŸ˜® liebe deine videosâ¤ğŸ‰â¤ğŸ‰â¤ğŸ‰","2024-12-28T14:18:34Z","lwpBc7vlYhk","nonbot"
"377","Ich liebe deine Arbeit und deine KreativitÃ¤t â¤ï¸ KÃ¶nntest du mal Kekse zu Thema Voltigieren dekorieren? Es wÃ¼rde mich soooooo freuen â¤â¤â¤â¤","2024-12-28T13:22:58Z","hpnSp0h7g8Q","nonbot"
"378","Alice ich liebe dich...du bist der einzige Hoffnung fÃ¼r Deutschland","2024-12-29T12:31:38Z","EdzCDiUJ9DM","nonbot"
"379","ğŸ’™LIEBER HELMUT, DU UND DEINE GÃ„STE, IHR SEID IMMERğŸ‘â€¼ï¸DANKEâ€¼ï¸ğŸ’•ğŸŒ","2024-12-28T12:24:21Z","v4X3Dn4ZRpg","nonbot"
"380","Es ist schÃ¶n zu wissen, daÃŸ meine Katze mich liebt, da ich sie auch sehr lieb habe!â¤ğŸ¥°","2024-12-28T17:10:29Z","fwYqiQjEgBI","nonbot"
"381","Ich liebe deineâ¤viedios, der Beauty spoint ist echt komisch die normalen sind wirklich besserğŸ˜…","2024-12-28T19:16:30Z","nxgnyqidWXM","nonbot"
"382","Mach bitte wieder Dora Videos ğŸ˜Š â¤ğŸ˜Šâ¤ğŸ˜Šâ¤ğŸ˜Šâ¤ğŸ˜Šâ¤ğŸ˜Šâ¤ğŸ˜Šâ¤ğŸ˜Šâ¤bitte wieder Dora!!!!â¤â¤â¤","2024-12-28T14:21:35Z","NWVUf0pRMcE","nonbot"
"383","Wow danke fÃ¼r diese wunderbaren Worte ğŸ«¶ğŸ»ğŸ™ğŸ»","2025-01-05T12:17:13Z","Kx3koczIENI","nonbot"
"384","13:30 â€Danke fÃ¼r die Rose ğŸŒ¹â€œ Ich hÃ¶re einfach nur noch das wenn ich sein Gesicht seheâ€¦","2024-12-29T00:45:12Z","T_L4F8rV8FE","nonbot"
"385","Ich wÃ¼rde die mittleren Spiesse noch ein wenig aus einander setzen dann ist das Risiko kleiner das mal eine Balle nicht richtig hÃ¤lt aber nur meine Meinung Danke fÃ¼rs gute Video ğŸ‘","2024-12-27T22:25:12Z","WxAejd6P3GQ","nonbot"
"386","Vielen Dank lieber Ceddo und lieber Dennis fÃ¼r euer Adventsspecial mit den zwei Videos pro Tag! ğŸ’• Das war echt super toll! Jetzt habt ihr euch den Urlaub richtig verdient! ğŸ¤—","2024-12-29T01:46:43Z","hkdpxUxrf_c","nonbot"
"387","WunderschÃ¶ne Gedanken und Worte, lieber Raphael. Vielen Dank, dass Du uns hier an Deiner Reise durch die RauhnÃ¤chte teilhaben lÃ¤sst â¤ğŸ˜Š","2024-12-28T20:20:11Z","0DNWPcwmLUY","nonbot"
"388","Abonniert, danke fÃ¼r das Video ğŸ‘ğŸ‘ğŸ‘","2024-12-29T07:16:50Z","K0tOa4Fx61I","nonbot"
"389","Sooo ein geiles Format. Ich liebe es!ğŸ˜","2024-12-29T10:25:26Z","kVf63RFBt1c","nonbot"
"390","KÃ¶nntest du das selbe nur mit Creepern machen? WÃ¤re echt cool!!! Liebe deine Videosâ™¥ï¸ğŸ‰","2024-12-28T13:26:07Z","Aa_TzD-cUn8","nonbot"
"391","Mohi du bist der beste mach weiter so ich liebe deine Videos ğŸ¤£ğŸ¤£ğŸ¤£","2024-12-29T12:49:42Z","zCIub4Kzgcc","nonbot"
"392","Ich liebe ihn einfach und sein Humor! Mit der beste Comedian Deutschlands ğŸ‰ğŸ˜","2024-12-29T09:33:44Z","RpQgB7nOEOQ","nonbot"
"393","Ihr habt das so gut gemacht, herzlichen Dank dafÃ¼r ihr LiebenğŸ¥°ğŸ™","2024-12-28T22:21:57Z","Q4QP-NBApIw","nonbot"
"394","Danke dir und ein gutes neues Jahr âœŒğŸ¼ğŸ«¶ğŸ½ğŸ‘ŒğŸ¼ğŸ‡¨ğŸ‡­â˜ºï¸â—ï¸","2024-12-29T15:06:01Z","r2fkER-GU3g","nonbot"
"395","Richtig cooles Video mach weiter so ğŸ’ªğŸ’ª","2024-12-29T07:30:09Z","YpD0LNfZbBc","nonbot"
"396","Danke liebe Nina, du bist ein Engel und ein Segen. ğŸ™â¤ï¸","2024-12-30T07:54:27Z","1O9Bv9YRJj4","nonbot"
"397","NachtrÃ¤glich frohe weihnachten!! â¤ liebe dich jessie du bist  die besteğŸ€ğŸ¹","2024-12-30T09:03:09Z","U6n9G3AUhsc","nonbot"
"398","Herr KlÃ¶ppel danke fÃ¼r ihre stÃ¤ndigen Infos .. kommen sie gut und gesund ins neue Jahr ğŸ€","2024-12-29T18:11:36Z","li_pJ-ZxfHg","nonbot"
"399","Echt Lehrreiche und Liebevolle StorryğŸ˜Šâ¤","2024-12-30T12:34:03Z","6ZadC0aQcuw","nonbot"
"400","Das video war so geilğŸ˜‚ğŸ˜‚ğŸ˜‚ğŸ˜‚","2024-12-29T21:42:51Z","ZWyjKKapGig","nonbot"
"401","Ich liebe deine ViediosğŸ˜Šâ¤ğŸ‰","2024-12-29T18:20:49Z","eC3CLtAzuY4","nonbot"
"402","Hi, ich liebe eure Videos und hÃ¤tte noch eine Idee. Ihr kÃ¶nntet doch mal Siri euren Tag bestimmen lassen. Ihr seid die besten â¤ï¸ğŸ‘‹","2024-12-29T21:41:44Z","WAcR2SDZ5DE","nonbot"
"403","Der Bericht war wirklich toll und sehr informativ â€“ vielen Dank dafÃ¼r! ğŸ‘ Ich stimme den Gutachtern absolut zu und teile deren EinschÃ¤tzung, vom Kauf abzusehen. Der Verkaufspreis erscheint mir im Vergleich zum damaligen Neupreis viel zu hoch, besonders wenn man bedenkt, dass das Boot fast 50 Jahre alt ist. â›µï¸ Der Schaden am Teakdeck ist aus meiner Sicht sehr problematisch, da die Reparatur nicht nur teuer ğŸ’°, sondern auch extrem aufwendig ist. Hinzu kommt die Unsicherheit, welche weiteren SchÃ¤den â€“ insbesondere am Sandwichkern â€“ mÃ¶glicherweise vorhanden sind. â—ï¸ Insgesamt ein sehr riskantes Angebot.","2024-12-29T12:02:18Z","WQx9h9mKl_A","nonbot"
"404","Hallo ihr lieben,wÃ¼nsche euch von ganzen Herzen ein guten Rutsch ins Neue Jahr.Bleibt gesund und drÃ¼cke euch die Daumen das alles gut geht ihr seit ne starke Familie.â¤ğŸ‘ğŸ€ğŸ€ğŸ€ğŸ‡ğŸ‡ğŸ‰","2024-12-30T10:36:41Z","2eU441pNSio","nonbot"
"405","Vielen Dank fÃ¼r diesen tollen Stream mit vielen geilen MomentenğŸ˜‚ Gute Nacht und ich freu mich schon auf den nÃ¤chsten Stream","2024-12-29T22:52:29Z","poLQi9sgkBA","nonbot"
"406","Liebe GrÃ¼ÃŸe und guten Rutsch ğŸ’«âœ¨ğŸŒŸâ­ï¸","2024-12-29T11:16:03Z","j-rC6AkLM4Y","nonbot"
"407","Danke das wÃ¼nsche ich Ihnen auchğŸ‰ğŸ‰","2024-12-30T11:25:53Z","li_pJ-ZxfHg","nonbot"
"408","DankeschÃ¶n fÃ¼r die Info, einen guten Rutsch ins neue Jahr ğŸ€","2024-12-29T16:56:05Z","li_pJ-ZxfHg","nonbot"
"409","Besten videos ğŸ˜‚ğŸ˜‚ğŸ˜‚ğŸ˜‚","2024-12-30T09:27:30Z","tta2hs31OkQ","nonbot"
"410","Top Video ehrlich ğŸ‘ğŸ¾","2024-12-29T23:44:52Z","99xT-SFJMVI","nonbot"
"411","Ich liebe euchğŸ˜‚ğŸ˜‚ğŸ˜‚","2024-12-30T08:51:25Z","E6Yt5qcZNvo","nonbot"
"412","Vielen Dank fÃ¼r Deine wertvolle Arbeit ğŸ‘","2024-12-29T08:42:15Z","TEtED2WFcJ8","nonbot"
"413","Wie lustig und sympathisch kann eine Familie bitte sein ğŸ¥¹ğŸ¥° bei jedem Video sterbe ich gefÃ¼hlt vor lachen !!!","2024-12-29T23:10:51Z","9SqWUwe8qcE","nonbot"
"414","Liebe deine Videos ğŸ’“ğŸ’“ğŸ’“ğŸ’‹ğŸ’“","2024-12-30T15:08:06Z","ek9q66jTPqc","nonbot"
"415","Liebe euch ihr seid die besten Youtuberâ¤ğŸ‰","2024-12-29T19:51:56Z","-1BfpGw1Seo","nonbot"
"416","Lieber @EureVideosFahrnuenftig ich verfolge dich schon etwas lÃ¤nger und wollte einfach mal Danke sagen. Danke fÃ¼r die vielen schÃ¶nen Videos und danke fÃ¼r die Unterhaltung â¤ Komm gut ins neue Jahr.","2024-12-30T11:40:06Z","nb0ibOPmrpQ","nonbot"
"417","Die Musik im Video ist lauter als der Knall ğŸ’€","2024-12-30T12:13:38Z","v-EckYYDw2E","nonbot"
"418","Ich liebe Dich ğŸ’–","2024-12-29T23:43:22Z","nYDCbE4bBNI","nonbot"
"419","Lieber Sirwan, ich wÃ¼nsche Dir ein astronomisch gutes Raumfahrtjahr 2025!ğŸ¤—","2024-12-30T10:18:09Z","FVR9Xbsj_z8","nonbot"
"420","Moin liebe Maren, unglaublich was du fÃ¼r tolle Ideen hastğŸ˜ Liebe GrÃ¼ÃŸe","2024-12-29T16:56:10Z","EUnCBt2UpV4","nonbot"
"421","ğŸ€ğŸ€ğŸ€ Herzlichen Dank fÃ¼r deine wunderbaren Ideen, deine unterhaltsamen Videos und damit ganz viele GlÃ¼cksmomente in meinem Zuhause. Ich wÃ¼nsche dir und deinen Lieben ein frÃ¶hliches Fest, um ins neue Jahr zu rutschen. Alles Liebe, Gesundheit und GlÃ¼ck fÃ¼r 2025. ğŸ˜ƒğŸ€ Freue mich auf das Wiedersehen. GrÃ¼ÃŸe aus der LÃ¼neburger Heide. KerstinğŸ‰","2024-12-30T08:36:21Z","lOOdVEn3x0Q","nonbot"
"422","Zum BrÃ¼llen!ğŸ˜…ğŸ˜…ğŸ˜…Danke und gudn Rudsch!â¤ğŸ‰ğŸ˜‚","2024-12-30T08:23:29Z","D25Nu8sQy78","nonbot"
"423","Ich liebe eure Videos ğŸ˜‚","2024-12-30T10:30:42Z","o7JqNUjjG2c","nonbot"
"424","Vonâ¤danke liebe Silke und Team! Und Allen da drauÃŸen ein licht-,liebe- und friedvolles Jahr in Vertrauen auf die gÃ¶ttliche FÃ¼hrung ğŸ‰â¤ğŸ˜Š","2024-12-30T13:17:50Z","KMBqmzbvOlw","nonbot"
"425","Liebe Monika, Das ist ja echt ein sÃ¼ÃŸes TÃ¤schchen mit dem Henkel  â¤ Danke fÃ¼r immer wieder schÃ¶nen und brauchbaren Ideen Ideen â¤.  WÃ¼nsche dir und deiner Familie einen wunderschÃ¶nen Start in ein gesundes und zufriedenes Neues Jahr,  Alles Liebe ğŸ’ğŸ€ğŸ˜","2024-12-29T21:48:02Z","p0QH8UXc2A8","nonbot"
"426","Tolle kreative Ideen fÃ¼r den SilvesterabendğŸ‰ğŸ€Danke dir, liebe Lauraâ¤ Hab einen gesunden Start ins neue Jahr ğŸ€ğŸ™ğŸ‘‹","2024-12-29T16:58:55Z","axkeAoKcQdc","nonbot"
"427","Super lustiges Video ğŸ˜‚ğŸ˜‚ğŸ˜‚","2024-12-30T01:06:28Z","gQ16mCPy2d0","nonbot"
"428","Danke an alle RettungssanitÃ¤ter ğŸ«‚  alles Gute an das tapfere MÃ¤dchen.mÃ¶ge Gott Dich immer beschÃ¼tzen, MÃ¤uschen ğŸŒ¿","2024-12-29T23:40:24Z","QRMxZiVr0eA","nonbot"
"429","Haha sehr geil ich liebe es ğŸ¤£ğŸ¤£ğŸ¤£ğŸ™ğŸ»","2024-12-29T11:03:04Z","gQeH95NttlQ","nonbot"
"430","Du bist soooo eine Coole Yutuberin â¤â¤â¤ liebe deine Vidiosâ¤â¤â¤ğŸ‰","2024-12-29T17:45:02Z","XOD2crG11BU","nonbot"
"431","Vielen Dank ğŸ™ğŸ» WÃ¼nsche Dir und Mama Regina einen guten Rutsch ins neue Jahr ğŸ‰.Vielen Dank fÃ¼r deine Arbeit und deine tollen Videos â¤â¤â¤","2024-12-29T14:51:45Z","lBeCcmtqyUw","nonbot"
"432","ich liebe deine Videos und gute BesserungğŸ˜ƒâ¤â¤ğŸ’–","2024-12-29T17:17:02Z","_O0s3wrd4Cw","nonbot"
"433","Liebe Monika. Ich wÃ¼nsche dir, deiner Familie sowie allen deinen AnhÃ¤ngerinnen einen guten Rutsch und ein erfolgreiches NÃ¤hjahr.ğŸ‰ğŸ˜Š","2024-12-29T23:38:06Z","p0QH8UXc2A8","nonbot"
"434","Genau dafÃ¼r liebe ich diesen Kanal: echt und authentisch, nicht immer schick und schÃ¶n, wie das echte Leben eben ist. Weiter so, lieber NDR ğŸ‘ Und fÃ¼r alle Landwirte mein groÃŸer Respekt, schon jetzt alles Gute fÃ¼r 2025ğŸ‘‹ğŸšœğŸ’¨","2024-12-29T09:34:37Z","zW4gMtPodiI","nonbot"
"435","ğŸ¤©ğŸ«¶DankeschÃ¶n liebe Silke","2024-12-30T13:02:17Z","KMBqmzbvOlw","nonbot"
"436","Es macht immer wieder groÃŸe Freude,  euch bei der Bescherung zu zuschauen.  Ihr seid so genÃ¼gsam und Dankbar ğŸ«¶ğŸ„ğŸ«¶ viele Liebe GrÃ¼ÃŸe ğŸ«¶","2024-12-29T18:13:44Z","AIvQy9OvEG4","nonbot"
"437","Das war Spannung pur, Danke fÃ¼r dieses epische Duell ğŸ™ğŸ™ğŸ™","2024-12-29T18:17:06Z","cYPj-1erV0Q","nonbot"
"438","â¤ vielen lieben Dank fÃ¼r diese tollen Ideen ğŸ‰ ich wÃ¼nsche dir einen guten Rutsch ins neue Jahr ğŸ€","2024-12-29T12:31:47Z","axkeAoKcQdc","nonbot"
"439","Ich Danke dir, fÃ¼r deine ehrlichen und wichtigen AufklÃ¤rungsvideos.ğŸ˜˜â¤ğŸŒğŸ•Š","2024-12-30T08:58:42Z","YdX5tOSrxxM","nonbot"
"440","â¤â¤â¤Vielen â¤ï¸ lichen Dank liebe Silvia fÃ¼r deine unermÃ¼dliche Arbeit fÃ¼r uns alle Danke Danke Danke â¤ï¸ Du liegst immer wieder richtig, man muÃŸ nur aufpassen und sich auch damit befassen. Das eigene Denken und hinterfragen ist essenzielle voraussetzung fÃ¼r DAS VerstÃ¤ndnis. ICH wÃ¼nsche Dir ein gutes und erfolgreiches Neues Jahr 2025 Gesundheit und  GlÃ¼ck fÃ¼r die Zukunft Danke fÃ¼r dein Sein LG Sofia Sonja aus MÃ¼nchen ğŸ’ ğŸŒ¹ ğŸ€ ğŸ™ ğŸ’ â¤â¤â¤â¤â¤","2024-12-30T09:54:24Z","wcMdp2K5Tlw","nonbot"
"441","Endlich ich liebe dieses Format ğŸ’“ğŸ’“ğŸ’“","2024-12-29T14:19:03Z","gfjvf9JlCuI","nonbot"
"442","Ich liebe immer deine Videos ğŸ˜Š","2024-12-29T09:01:27Z","2eBu2z-0VgI","nonbot"
"443","Danke fÃ¼r die Info ğŸ˜Š und guten Rutsch ins neue Jahr ğŸ‰","2024-12-29T16:33:46Z","SuQirZrqfIk","nonbot"
"444","9:58 so true ğŸ˜‚, liebe deine Videos â¤ï¸","2024-12-29T18:25:30Z","9NoH2e3z5Co","nonbot"
"445","Icrimax du bist beste Youtubeer danke das du mich gekrÃ¼ÃŸt hast ğŸ˜ŠğŸ‰ ich feier dich schÃ¶n seit vielen Jahren. Ich heiÃŸe Sem ich hab mich nur verschrieben aber danke das du mich trotzdem gekrÃ¼ÃŸt hastğŸ‰ğŸ‰ğŸ˜Š","2024-12-30T12:56:12Z","mEA4gBCYZjA","nonbot"
"446","ğŸ’–echt cooles video von lehrenfrau ich liebes coolioğŸ’–ğŸ°","2024-12-30T00:49:27Z","o8TzMksXLqM","nonbot"
"447","Einen guten Rutsch wÃ¼nsche ich dir auch,lieber Alex-Gesundheit und GlÃ¼ck ğŸ‰ğŸ€ğŸ’¥ğŸğŸ‡LG DaniğŸ‘‹ğŸ‘‹","2024-12-29T23:59:47Z","SZW01PWtJdw","nonbot"
"448","Ich gucke dich schon seit 4 Jahren Paula und ich liebe dich einfach Ã¼ber alles ğŸ’“ğŸ’“ğŸ’“ğŸ’“ğŸ’“ğŸ’“ğŸ’“â¤ï¸â¤ï¸â¤ï¸â¤ï¸ğŸ¥°ğŸ˜ğŸ¤ªğŸ˜… fÃ¼r mich bist du einfach die beste tiktokerin youtuberin auf der ganzen Welt","2024-12-30T05:36:40Z","raADlTywx3Y","nonbot"
"449","Angst ist keine wirkliche Alternative zur Liebe! ğŸ’– Starre nicht zur Lebendigkeit. ğŸ§¡ğŸ’œ Inne halten, durchatmen und mutig weiter schreiten, gesund SEIN - auch mental und emotional, das wÃ¼nsche ich uns Allen fÃ¼r das kommende Jahr! ğŸ’«ğŸ©µğŸ§šâ€â™€ï¸â­ï¸ğŸ’œğŸ€ğŸ‘","2024-12-30T13:22:23Z","KMBqmzbvOlw","nonbot"
"450","Danke fÃ¼r dieses schÃ¶ne Jahresabschluss Video, lieber Rainer â¤ï¸. Ich wÃ¼nsche dir und deiner Familie auch einen guten Rutsch und alles Gute fÃ¼r 2025ğŸ€ğŸš²ğŸ›´â¤ï¸","2024-12-31T12:29:16Z","15bT8GXTwNo","nonbot"
"451","Danke liebe Nina â¤,es ist sehr schÃ¶n dir zuzu hÃ¶ren ğŸ€ğŸ«¶","2024-12-30T12:59:22Z","1O9Bv9YRJj4","nonbot"
"452","Marek und Thomas ich liebe euch beide.â˜ºğŸ¥° Ihr seid echte MÃ¤nner mit klasse und Charakter.ğŸ‘ğŸ‘ğŸ‘","2024-12-30T09:54:19Z","LptHefGvBTw","nonbot"
"453","Ihr seid soo lustigâ¤â¤ ich liebe eure videos â¤ğŸ˜ŠğŸ‰","2024-12-29T13:31:58Z","9SqWUwe8qcE","nonbot"
"454","Hi Paul, irgendwie ein Mega geiles Video. Deine hochwertigen Videos. Erste Sahne ğŸ‘.Location super schÃ¶n. War ja mal eine groÃŸe Firma . WÃ¼nsche dir und Harald einen guten Rutsch ğŸ† liebe GrÃ¼ÃŸe Katrin â¤ğŸ™ğŸ»","2024-12-29T13:41:30Z","-y_Xf4LgkCA","nonbot"
"455","Alles Gute im Urlaub Omid. Komm Gut erholt zurÃ¼ck. Liebe GrÃ¼ÃŸe.ğŸ€ğŸ’ª","2024-12-29T22:30:13Z","-yUywMZaSpo","nonbot"
"456","Ich liebe deine Videos ğŸ’","2024-12-30T09:43:25Z","hecHaO-7Lco","nonbot"
"457","Super originelle Idee ğŸ˜Š DankeschÃ¶n","2024-12-29T21:14:14Z","AROEm48lJc8","nonbot"
"458","Moin, guten Rutsch und ein gesegnetes neues Jahr fÃ¼r Euch und Euren Familien. Macht bitte im nÃ¤chsten Jahr so weiter ich freu mich drauf und bin dabei. Liebe GrÃ¼ÃŸe aus dem MÃ¼nsterland ğŸ˜€ğŸ˜€ğŸ˜€ğŸ‘ğŸ‘ğŸ‘","2024-12-29T19:15:24Z","DKuYBtyTcqA","nonbot"
"459","SchÃ¶nes altes Video ğŸ‘","2024-12-29T21:23:05Z","tta2hs31OkQ","nonbot"
"460","Ohv Friends ğŸ’™ Liebe dich und deine Videos ğŸ˜‚","2024-12-29T12:50:59Z","-y_Xf4LgkCA","nonbot"
"461","So isses leider! Im neuen Jahr einfach abschaffen, oder...ğŸ˜‚ Alles Gute fÃ¼r 2025 wÃ¼nsche ich Ihnen, lieber Herr Sonneborn! ğŸ¥‚ğŸ¾ğŸ‰âœŒï¸","2024-12-29T19:57:32Z","BHEw0jMJgCw","nonbot"
"462","Ihr seit auch zu dritt die geilsten! Was fÃ¼r eine irre Leistung,  ich ziehe meinen Hut! Euch einen guten Rutsch und herzlichen Dank fÃ¼r die tollen Videos und die vielen Arbeit drumherum!ğŸ‰â¤","2024-12-30T13:05:56Z","vxemiHpt9_A","nonbot"
"463","Liebe Andrea, ich wÃ¼nsche dir einen guten Start ins neue Jahr. ğŸ‰vielen dank fÃ¼r deine tollen Videos ğŸ€ğŸ€ğŸ€","2024-12-29T10:17:12Z","fpT_GkBtIes","nonbot"
"464","ğŸ˜‚ğŸ˜‚ mega liebe eure Videos â¤â¤","2024-12-29T09:47:02Z","vVyfRDQpYjY","nonbot"
"465","Moin Tridan ich lieben deine videos und Streams. â¤ğŸ˜Š","2024-12-29T12:07:55Z","1--5Vwwb1X8","nonbot"
"466","Voll cool ich liebe eure VideosğŸ˜‚ğŸ˜‚","2024-12-29T11:23:57Z","vVyfRDQpYjY","nonbot"
"467","Hi Gesa, mega! Freue mich soooooo fÃ¼r Euch! ğŸ¥³ğŸ¥‚âœ¨ Alles Liebe und danke das ihr uns mitnehmtâ€¦ ğŸ¤","2024-12-29T18:00:46Z","9NoH2e3z5Co","nonbot"
"468","Lieber Alex ich danke Dir fÃ¼r deineDeine geniale Arbeit in 2024 und ich freu mich auf Dich in 2025 ğŸ¥³ğŸ¥³ allen hier einen guten Rutsch und mit den besten WÃ¼nschen  ğŸ€ğŸ’–ğŸ€","2024-12-29T15:53:12Z","SZW01PWtJdw","nonbot"
"469","Liebe Petra, so viele Sonntagmorgen ich jetzt schon bei dir verbracht habe- immer wieder eine Freude! Deine Ruhe, tolle Bilder und Motivation an uns es selbst zu tun ist wunderbar- danke â¤ï¸und komm gut in das neue Jahrâœ¨ bis bald ğŸ¤—","2024-12-29T22:38:53Z","5e2ztoPkoOk","nonbot"
"470","Ich liebe diese Serie!!! HÃ¤tte nicht gedacht, dass sie mich so hart fesselt. Mega geiles Projekt. â¤","2024-12-30T10:32:37Z","7bg_zoiJD88","nonbot"
"471","Liebe euer Videos pls Pin ğŸ“Œâ¤ï¸âœ¨âœ¨âœ¨(wurde noch nie gepinnt )","2024-12-30T01:08:08Z","MJMsRxxmZ7I","nonbot"
"472","Erste ich liebe deine videosâ¤â¤â¤ğŸ˜ŠğŸ˜ŠğŸ˜ŠğŸ˜Š","2024-12-29T14:53:17Z","zovTIMWt8Sc","nonbot"
"473","Ich liebe eure Reactions â¤und ihr seit so ein sÃ¼ÃŸes Paar nur das Beste fÃ¼r euch â¤â¤â¤ğŸ˜Š","2024-12-29T22:36:46Z","Sj8VldA0AYQ","nonbot"
"474","Basti ich liebe dich â¤ï¸","2024-12-31T19:46:23Z","xNXvo5B1Ego","nonbot"
"475","Ich  liebe deine Videos Weill sie immer so besonders sin â¤ğŸ˜…","2024-12-31T17:54:14Z","xNXvo5B1Ego","nonbot"
"476","Ich mag dich einfach trotzdem machst du schÃ¶n Videos â¤â¤â¤â¤â¤â¤â¤â¤â¤â¤â¤â¤â¤â¤â¤â¤ Ich mag dich sehr â¤â¤â¤â¤â¤â¤â¤â¤ğŸ–¤ğŸ–¤ğŸ–¤ğŸ–¤ğŸ–¤ğŸ–¤ğŸ–¤ğŸ–¤ğŸ–¤ğŸ–¤ğŸ–¤ğŸ’«ğŸ’«ğŸ’«ğŸ’«ğŸ’«ğŸ’«ğŸ’«","2024-12-30T12:49:50Z","GHXWNjgMlbc","nonbot"
"477","Danke euch fÃ¼r die vielen tollen Videos und einen gesunden Rutsch ins Neue Jahr 2025 ğŸ˜ğŸ––âœ¨ğŸ’«ğŸ‰ğŸŠğŸ¥³ğŸğŸ’šğŸ¤—ğŸ€","2024-12-29T11:28:20Z","3Oep99C86NU","nonbot"
"478","Guten Rutsch ins neue Jahr ğŸ˜Š Vielen Dank fÃ¼r die ganz vielen tollen Videos im Jahr 2024 ğŸ˜‡","2024-12-30T08:09:27Z","5crsC59fDMk","nonbot"
"479","Alle die das Video sehen bevor es viral geht ğŸ‘‡","2024-12-29T19:38:41Z","RK0qgkPBwU0","nonbot"
"480","Sag mal wieso hat er beim Lehrnen diese Maske aufğŸ˜…? Liebe deine Videos trotzdemâ¤ğŸ˜Š","2024-12-29T15:17:53Z","ZW7hcWjrVQ0","nonbot"
"481","KÃ¤mpfe wacker weiter fÃ¼r Gerechtigkeit und die Sache! FÃ¼r AufklÃ¤rung, Frieden, Liebe und Freiheit â£ï¸âœŒğŸ¼ğŸ€ğŸ’™","2024-12-30T19:19:55Z","llQzes5KS44","nonbot"
"482","War nice mal gegen einen pro zu spielen Danke das ich mitmachen durfte! ğŸ¥°","2024-12-29T19:07:30Z","ZWyjKKapGig","nonbot"
"483","Sehr geile alte Locationâ¤ğŸ­ wÃ¼rde mir mal wieder Locations aus Deutschland wÃ¼nschen. Liebe GrÃ¼ÃŸe aus Niedersachsen","2024-12-29T16:09:49Z","-y_Xf4LgkCA","nonbot"
"484","Guten Rutsch an alleğŸ‰Und danke fÃ¼r das geile Jahr","2024-12-31T12:45:58Z","1Q2nfoHCEKg","nonbot"
"485","Muss einfach mal danke sagen fÃ¼r beste Unterhaltung das ganze Jahr. Sorgst immer wieder fÃ¼r miese LachkrÃ¤mpfe â¤ï¸ Von einem stillen Zuschauer: Danke BrÃ¶sler","2024-12-31T12:37:27Z","1Q2nfoHCEKg","nonbot"
"486","Danke, Mouz fÃ¼r die emsige Arbeit und die vielen Tipps in 2024. Komm gut rÃ¼ber und starte erfolgreich rein ins neue Jahr... ğŸ‰","2024-12-30T20:15:44Z","X49y0elanU4","nonbot"
"487","Lieber Micha, liebe KnÃ¶deltiere und lieber Chat, ich wÃ¼nsche allen ein guten Rutsch und ein gutes neues Jahr. Bleibt alle gesund ğŸ˜»â˜ºï¸","2024-12-31T11:26:22Z","UOJ250KEbDo","nonbot"
"488","Schaue es nochmal ist einfach toll.Vielen Dankâ¤ğŸ˜Š","2025-01-06T08:12:52Z","oUwvvJMdLj0","nonbot"
"489","Phahaha ich lach mich tot ğŸ˜‚ğŸ˜‚â¤ Danke fÃ¼r das Video! â¤â¤ğŸ˜‚ğŸ‰","2024-12-30T18:50:45Z","7ThfNHlvgYA","nonbot"
"490","Wahr das das Lezte Video in 2024? ğŸ˜­ğŸ˜­ğŸ˜­ğŸ˜­ğŸ˜­ğŸ˜­ğŸ˜­ğŸ˜­ğŸ˜­ Und ich liebe deine Videos HeiÃŸe FinjağŸ˜Š","2024-12-30T10:52:34Z","V26Th-7dUZk","nonbot"
"491","Herzlichen GlÃ¼ckwunsch zu den 20k subscribersğŸ™ŒğŸ»habt ihr echt verdient! Ich liebe eure Reactions ğŸ˜ğŸ˜","2024-12-31T01:33:12Z","NC72iyXdCcs","nonbot"
"492","IDzock morgen ist Silvester!!!! â¤ also viel GlÃ¼ck und cooles videoğŸ‰ğŸ‰ğŸ‰â¤â¤â¤","2024-12-30T18:13:27Z","guYj3y0Mu_0","nonbot"
"493","Herzlichen Dank fÃ¼r die Informationen ğŸ˜ŠğŸ˜…ğŸ˜Š","2024-12-30T21:01:25Z","wwQtrGksUJY","nonbot"
"494","OMG wie Sie schaut ich Liebe eure Viedeos viel GlÃ¼ck im nÃ¤chsten Jahr mach weiter so â¤â¤â¤â¤ğŸ˜‚ğŸ˜‚ğŸ˜‚ğŸ˜‚ğŸ˜‚","2024-12-30T16:05:58Z","nHtmo_HP9zk","nonbot"
"495","SchÃ¶nes und informatives Video!ğŸ‰ğŸ†ğŸ§¨Vielen Dank dafÃ¼r und bitte weiter so und MEHR DAVON!!âœ¨ï¸ğŸ‘ğŸ‘ğŸ’ªğŸŒŸğŸ’¯Dir einen guten Rutsch und fÃ¼r 2025 Alles Gute!!ğŸ‰","2024-12-30T10:08:29Z","HDLnJp2NR0A","nonbot"
"496","Hey, Vielen lieben Dank fÃ¼r das Video und fÃ¼r das tolle Jahr hat richtig SpaÃŸ gemacht ^^ und wÃ¼nsche allen einen guten Rutsch ins neue Jahr 2025 und bleibt Gesund âœŒï¸â¤ï¸","2024-12-31T15:06:24Z","pUEaq7SwOD0","nonbot"
"497","Frohes neues Jahr und alles Gute fÃ¼r die Zukunft lieber Domi â¤ï¸ğŸ˜Š","2025-01-01T00:29:36Z","pUEaq7SwOD0","nonbot"
"498","Ich liebe diesen Kanal ğŸ¥°","2024-12-25T14:41:42Z","Xg6bM3Eyq04","nonbot"
"499","Lieber Basti. Herzlichen GlÃ¼ckwunsch zu deinen 2 Millionen und nur das beste fÃ¼r 2025 fÃ¼r dich. Ich werde mit am Start sein und freue mich auf deine weiteren Projekte. ğŸ‰ğŸ‰ğŸ‰","2024-12-31T23:39:14Z","xNXvo5B1Ego","nonbot"
