Author,Comment,Video_ID,Channel_ID,Published_At
@CatYoutubeCats,Ich liebe deine videosâ¤,sLMsDROnDns,UC1IlL9otIXWZ2guLRCysWNA,2024-12-05T07:18:10Z
@nilgunzorba1558,Super vielen herzlichen Dank â¤,BdwEypNyT0k,UC-X3Hzdqo6rTjRLI5dRVb3w,2024-12-05T13:39:45Z
@gabrieleseiringer8277,"Super Rezept, dankeğŸ˜werde ich ausprobieren. Wie groÃŸ sind deine Flaschen?",BdwEypNyT0k,UC-X3Hzdqo6rTjRLI5dRVb3w,2024-12-06T07:22:55Z
@marinakaps854,Ich lasse mich gerne von dir inspirieren. Vielen Dank dafÃ¼r. ğŸ‘ğŸ‘ğŸ«¶,Bo5IMBWT6Kk,UCu2iYzfElqrY1mwrq3eFyrA,2024-12-06T09:19:07Z
@Elin-pu3gw,"Welche Sprachen sprichst du eigentlich??? P. S. Liebe deine Videosâ¤â¤â¤ğŸ˜ŠğŸ˜ŠğŸ˜Š",HqmF2G1VK_w,UCPMxn3Kt64oocOd1LxJ055A,2024-12-05T19:52:47Z
@AndreasEnckhardt,"Du bist die schÃ¶nste Deko liebe Iris ğŸ’‹,hab einen schÃ¶nen Abend ğŸ˜˜â¤ï¸",FE6Hl6ZlaYU,UCkIIAgXI7nuzDGxVdtYDCvg,2024-12-05T19:39:33Z
@chriscolumbus4018,"Liebe Frau Anderson, sie sprechen mir aus dem â¤en. Vielen Dank dafÃ¼r ğŸ™ğŸ»",eS6L3rqVwTU,UC8D_tdzQxSVFY_kDEuEGOnQ,2024-12-05T15:05:52Z
@HanaSkripcova,Super videoğŸ˜ŠğŸ˜ŠğŸ˜ŠğŸ˜ŠğŸ˜ŠğŸ˜ŠğŸ˜ŠğŸ˜ŠğŸ˜ŠğŸ˜ŠğŸ˜ŠğŸ˜Š,GrPagbeJrgE,UCxkaEsFP4SLb56_G3JQt0EQ,2024-12-05T18:11:19Z
@edithoendorp9748,"Herzlichenâ¤ lieben Dank liebe Elli  fÃ¼r die lieben Worte.Ich wÃ¼nsche dir noch einen scjÃ¶nen Tag â¤â¤â¤â¤â¤ğŸ˜‚ğŸ‰ğŸ˜ŠğŸ’–ğŸ™ğŸ’ğŸŒ¹ğŸŒ¹ğŸŒ¹ğŸ€ğŸ’œâ˜•ï¸ğŸ’–",ed8J-1-i4KA,UCFPqyBy3jlY3xq1gtsPjsfA,2024-12-05T12:25:31Z
@ymovie2024,Sehr schÃ¶nes Video â¤ğŸ˜Š,Qsm5mLi04AI,UC8M0IzQbtdoABJlGo2Qwatw,2024-12-05T19:05:40Z
@harrydamnitz1054,Wie immer ein groÃŸartiges Video ğŸ˜Š,Be0TmiP5zIY,UCmY3JGwOI-sTAA_nV_ho2bA,2024-12-05T21:52:29Z
@Selinaseemann,Danke!!!!ğŸ‰ğŸ‰â¤,Pjw79ZVNDRo,UC1KBrmi3aBqZMPZ61CAv8eA,2024-12-05T14:50:47Z
@Erdimaus,Danke. Auch euch. Bleibt gesund und munter. â¤â¤ğŸ¤—ğŸ¤—,liriV45YoFs,UCr-T0t0Lz4SiPwq3exJMxLw,2024-12-05T15:51:23Z
@marshalleriksen_89,Kurzes aber starkes Video ğŸ‘ğŸ»,uaXitMYXhpg,UCq2rogaxLtQFrYG3X3KYNww,2025-01-05T16:32:39Z
@Hankock-wh2bl,"Klasse Thema . Bei mir und anderen ist das Thema gerade hochaktuell. DankeschÃ¶n ğŸ‘",XMioPUexwB0,UCW0Juvv47uiz52-LJ33x1eg,2024-12-05T07:01:35Z
@gittakoller9915,Danke fÃ¼r den lieben GruÃŸ ğŸ’–ğŸ…â­wÃ¼nsche dir auch eine wunderschÃ¶ne Vorweihnachtszeit mit lieben GrÃ¼ÃŸen von mir zu dirğŸ’–ğŸ‘¼â­ğŸ™ğŸ•¯â­ğŸ¥°,ed8J-1-i4KA,UCFPqyBy3jlY3xq1gtsPjsfA,2024-12-05T17:28:01Z
@sebastiansowa3910,Top Video ğŸ˜ğŸ‘. Wer noch Fragen hat braucht sich nur das Video ansehen . Macht weiter so ğŸ‘ğŸ‘ğŸ™‹â€â™‚ï¸,hHREuUG4jPE,UCfFhfkJOU_g2bn-hxkGhv6w,2024-12-08T09:44:10Z
@sinaholzer554,ğŸ˜‚ Vielen Dank fÃ¼r die Umsetzung dieser geilen Ideeâœ¨,lfRDyQm_SXw,UCK1YsmzeTgvo-gtduhJEOGA,2024-12-08T11:53:01Z
@Bienchen_11,Merle ich liebe deine Videos bitte antworteâ¤â¤â¤â¤â¤ich turne selber und du und Isabell sind meine Vorbilderâ¤â¤â¤â¤ğŸ˜ŠğŸ˜Š,dJmUBoLeVQI,UCWavuOpKwQH72kaEAkDNqyA,2025-01-05T12:46:01Z
@melaniie_k,Hab ein Video dazu gepostet ich hoffe ihr seht es ğŸ¥°ğŸ¥°,vY4N1OPIyF8,UCEGVZ50kxeQrgbZ9CBTPXcg,2024-12-08T16:08:01Z
@SarahSarahSarahSarahSarahSar,Euer Baum ist ja sÃ¼ÃŸ ğŸ‰Danke fÃ¼r die Motivation â¤â¤â¤,EiRRdr9R9MU,UCYuH7OZbtoaG7rEcd0sT4qg,2024-12-08T23:28:49Z
@beaterose1141,"Hallo liebe Beate, viele neue BÃ¼cher. Sehr interessante und schÃ¶ne BÃ¼cher ğŸ“šğŸ‘. Ich freue mich schon auf deine Lesemonate ğŸ’ğŸ“–. Ich wÃ¼nsche dir einen wunderschÃ¶nen 2. Advent ğŸ•¯ï¸ğŸ•¯ï¸ğŸ„ğŸ’–. Viele liebe GrÃ¼ÃŸe Beate ğŸ¥°ğŸ˜˜ğŸ¤—",5KfuVjY3pY4,UCUrm2nvjG92VyOz79kD32ag,2024-12-08T12:10:29Z
@Gipfelholz,ğŸ‘ğŸ‘ğŸ‘ğŸ‘ nicht vergessen... lasst dem video doch eine ğŸ‘ da..  danke .. LG ğŸ„ğŸ„ğŸ„ğŸ„ğŸ»ğŸ‘,EsuNO6jDCFA,UCcsYNmZAtStYBq_1e1lpB1g,2024-12-08T16:24:49Z
@lilibolya,"Super Idee wiederğŸ‘Œ! Danke! ğŸ¤—",Cujp8MYnhhY,UCDARZvs2zNQrrlbn--CYkXA,2025-01-05T14:29:37Z
@SophiaZahn,Du bist wunderschÃ¶n. Ich liebe deine Videos. Wie bist du eigentlich MillionÃ¤ren geworden?â¤ï¸â¤ï¸â¤ï¸â¤ï¸â¤ï¸â¤ï¸â¤ï¸â¤ï¸â¤ï¸â¤ï¸,EDTl6p8ju0s,UCPMxn3Kt64oocOd1LxJ055A,2024-12-08T19:04:22Z
@SilkeKatz,"Vielen lieben Dank ihr Zwei fÃ¼r das tolle Video und fÃ¼rs Teilhaben lassen â¤ï¸ğŸ˜ğŸ’™ğŸ’ğŸ˜â¤ï¸Es war soooo schÃ¶n â¤ï¸ğŸ˜ğŸ’ğŸ’™ğŸ˜â¤ï¸",juQ8hK0qbuM,UCPWZuvp3VeLByca3-0KVcPA,2024-12-08T16:26:31Z
@MrKevinontheRun,Danke fÃ¼r ihre Arbeit. ğŸ™ğŸ¼ğŸš€,GDz8hKETFqM,UC3AdN1bEmEonuSwXNS8LixQ,2024-12-08T22:15:22Z
@michaelnagele3285,Wie heisst der Film?? Ich liebe auf der Wahrheit basierende Sciencefiction Filme!! ğŸ¤©ğŸ˜ğŸ˜,KyTRxSQx1mE,UC7gnVbxWOR9qeJS1wk0xrUQ,2024-12-08T14:24:09Z
@WinfriedFranzA,"Da geht einem das Herz auf, so schÃ¶ne Aufnahmen. Vielen Dank lieber Alex fÃ¼r das wunderbare Video. So viel Likes kann ich gar nicht geben. ğŸ‘â¤ğŸ™",7-mTyCmQmHU,UC9OuAj64hwDV64w0oHIO_Yg,2024-12-08T13:14:50Z
@marieluisehennes8304,"Wie immer, ein groÃŸes DankeschÃ¶n fÃ¼r Deine stets interessante und wertvolle Arbeit. .âœŒï¸!! âš˜ï¸ğŸ“¯ğŸ§‘â€ğŸ„",V4g4ejfQLbo,UCSCm8yRwSG7f5piOKcbvn1w,2024-12-08T22:05:38Z
@angelikapasch3728,â˜•ï¸ğŸ°ğŸ¥® Beste Unterhaltung bei Kaffee und Kuchen. Danke Denny,YgVuzGhxBjk,UCfRbjxCamFh3NTXcY3-6FRQ,2024-12-08T13:06:33Z
@kaifreudenthal9571,ğŸ‘ Super Video Super Firma Super Mitarbeiter!!! Danke!,9tHkqYTJDlc,UCWAEPOo1hVr_hnSoGvkvJJg,2024-12-08T21:31:54Z
@herminesteindorfer3410,"Ich gehe voller Vertrauen meinen WEG.....der fÃ¼hrt mich nach Haus. Wundervoller schÃ¶ner Text mit fantastischen Stimmen ğŸ™ğŸ’–Herzlichen Dank!",S5cu-m9K9sg,UC1Dafthdaz-yQPfFdJoqUMA,2024-12-08T19:56:53Z
@arashspirit,Tolle Vorstellung! Danke fÃ¼r die EindrÃ¼cke ğŸ™ğŸ¼ğŸ‘ŒğŸ¼ğŸ‘ğŸ¼,ASzjWBKDfR4,UCSoO4IwTmTEq2gr4M6iIq7g,2024-12-08T13:44:50Z
@TamanaGhaznawi-yv1to,Vielen dankâ¤â¤,MXS1aOg-k4c,UCaUYBxzQfJ8tEsOqebt7ZrA,2024-12-08T09:45:19Z
@ClaudiaKruger-bu3vp,Das war sehr kurzweilig. â¤ï¸â€ğŸ”¥ğŸ–¤ğŸ¤ğŸ’šâ¤ï¸â¤ï¸â€ğŸ”¥ğŸ‘ğŸ¤¶ Euch einen schÃ¶nen 2. Advent. ğŸ‘‹ Mein Tipp 2:4 war MÃ¼ll ! Borussia sei Dank. ğŸ™ğŸ˜,oNB_sdfdr5s,UCJ3z7XiLI36u61fTHbcktZA,2024-12-08T13:29:48Z
@michastatz5403,"Die schlimmsten Menschen auf IG sind die die Bilder von anderen als eigene Verkaufen.  Danke fÃ¼r deine Informativen Videos ğŸ‘",orejU1ntBNU,UCSglkmrC3xgkhdKEOfuV9zg,2024-12-09T05:14:02Z
@margaretejordan5234,DANKEğŸ˜‡ğŸ§¡ğŸ’–,Q0OhKqud420,UC3HQydPlVJzbOCEd7LgsMng,2024-12-08T18:33:17Z
@manii4232,Das Video habe ich gerade gebraucht!! Danke Sani â¤ï¸â€ğŸ©¹â¤ï¸,311_Prxy9qM,UCBtidUKnxgS8fzWr9zYOexQ,2024-12-08T22:43:35Z
@bloodyangel4086,"DankeschÃ¶n fÃ¼r das hochladen der Podcast, das ist ganz praktisch da ich zB noch nicht so lange dabei bin auf getnext und da kann ich so auch die Ã¤lteren BeitrÃ¤ge nochmal anhÃ¶ren! ğŸ¥°ğŸ¥°ğŸ¥°ğŸ¥°ğŸ˜ğŸ˜ğŸ˜ğŸ˜ğŸ˜ğŸ‘ğŸ‘ğŸ‘ğŸ‘ğŸ‘ğŸ«¶ğŸ«¶ğŸ«¶ğŸ«¶ğŸ«¶",IxwUmzWXc_o,UC91BL8-09tFBWJIRLHGxRzQ,2024-12-08T12:30:36Z
@benjaminpenelope55,"Deine Analyse zu XAI17K hat mich Ã¼berzeugt. Danke, dass du dieses Juwel geteilt hast ğŸš€",r-H3gQiwF_c,UCChHIg4Mp_k8_Wp8js6NQow,2025-01-05T07:06:52Z
@johnmcnulty4425,Thanks for making me happy!  Wir lieben dich!ğŸ˜Šâ¤,ZjTAy0n-hhU,UCivDQQCwtU9jsbguFYH10pQ,2024-12-08T20:00:52Z
@tryelite_9421,Geiles Video,XzrtLc_04w4,UC0AzgxC1et1RdIacZNXdTlQ,2025-01-02T12:45:52Z
@helmut-j.bottchertn-v998,Es macht immer wieder SpaÃŸ Deine Videos anzuschauen ğŸ‘ğŸ» vielen Dank ğŸ™ğŸ»,7-mTyCmQmHU,UC9OuAj64hwDV64w0oHIO_Yg,2024-12-08T11:58:59Z
@SaMa-t7j,Danke fÃ¼r den Mehrwert ğŸ‰ğŸ‰ğŸ‰ğŸ‰ğŸ‰ğŸ‰ğŸ‰ğŸ‰ğŸ‰,GDz8hKETFqM,UC3AdN1bEmEonuSwXNS8LixQ,2024-12-08T21:13:20Z
@Hrchinx,"Jungs, ich weiÃŸ nicht warum, aber ich gucke euch jeden Tag gerne zuâ¤ğŸ˜‚ğŸ‰ğŸ‰ğŸ‰ich liebe euch â¤",KchnJFWogGg,UCuVPfuCdQtPDzg-m4f5-DDQ,2024-12-27T19:50:10Z
@SchnickUndSchnack,Vielen Dank Herr Schubert fÃ¼r die Infos und Ihre Arbeit. ğŸ‘ ğŸ‘ ğŸ‘,lAD_iDUC47w,UCdWyaS6Xtjh4CP7iMFifqgg,2024-12-27T12:20:35Z
@m.a.5849,HahahahahağŸ¤£â¤ï¸ğŸ¤£ zu geilğŸ˜‚ liebe deine VideosğŸ«¶ğŸ¼â¤ï¸â¤ï¸â¤ï¸ğŸ¤£ğŸ¤£ğŸ¤£ğŸ¤£,6BAzazXxQiU,UCtB_uLeqDLR4vXZBNndqnzA,2024-12-28T00:26:14Z
@seko8675,Ich liebe dieses Haus â¤â¤â¤â¤ğŸ‰ğŸ‰ğŸ‰ und eure Videos ğŸ¤«ğŸ¤­ğŸ¤—â¤ï¸â¤ï¸â¤ï¸â¤ï¸,PK2PVUai648,UChSLAQeeOmF_opWnQ9lLauA,2024-12-27T17:32:39Z
@katrinhasenkopf1479,Liebe deine Videos!! ğŸ’—â¤ï¸,hwmAAAtjmxg,UCMLpn-TdEdQxfPscECeavTg,2024-12-27T13:52:51Z
@Jay-b4c4x,Ich habe ihr Video gesehen und bin ein unheimlicher Der kleine Prinz Fan. Musste es gleich suchen und bestellen. Da ich auch das Stundenglas zuhause schon habe ğŸ˜… danke fÃ¼r diesen schÃ¶nen Tipp,4t6woONRY9c,UC_EZd3lsmxudu3IQzpTzOgw,2024-12-28T10:57:45Z
@sonjabohling5573,Im Replay geschaut. Ein schÃ¶ner Strauss â¤ wÃ¼nsche dir lieber Tobias und allen Blumenfreunden einen guten Rutsch ins neue Jahr ğŸ‰ğŸ‰ğŸ‰ğŸ€ğŸ„ğŸ,zujlGwbvO6s,UCmeovU0AIM6Vw38CbSqHtpg,2024-12-28T14:23:27Z
@Jenny-e9k,Die Meckerei nervt jetzt ist ein Video mal dunkel und schon hagelt es Gemecker. Entspannt Euch mir hat es trotzdem wie immer viel Freude bereitet und ich sage trotzdem â¤lichen Dank ğŸ˜‰,xehUcN_Z2j0,UC1IRqyZ_LLJKF40PzBgkUww,2024-12-28T14:26:50Z
@RonnysWanderlust,"Es hat absolut mega Spass gemacht und vielen lieben Dank, dass ich als Gast dabei sein durfte â¤ğŸ«¶ğŸ¥°ğŸ˜˜ Ganz herzliche GrÃ¼ÃŸe Ronny",oFSZVaYRCVY,UCkW0Y6NmR6oDyNwmsn_XhpQ,2024-12-27T21:48:38Z
@Angelo_17_,"Herzlichen GlÃ¼ckwunsch Manuel,alles liebe fÃ¼r dich.ğŸ¦ğŸ¦…",fPDrCygOHzI,UCrniTwTbl3x_P1G0Jx2qheQ,2024-12-28T01:57:03Z
@sigridkoppenberger405,"Wie wahr ,DankeschÃ¶n fÃ¼r die Nachricht, wÃ¼nsche Dir einen schÃ¶nen guten Tag lgğŸ˜Šâ¤",jAwyNsVYLBk,UCU9bJv7Pvlp3CmXLZ5yc7Xw,2024-12-28T07:09:14Z
@augenfuerdiekunst,"Lieber Dr. Rieck, vielen Dank fÃ¼r Ihre BeitrÃ¤ge in 2024!ğŸ‰",dPWb78E87QA,UCSExr_QUT6h-4sGW5hGjrCA,2024-12-28T17:43:34Z
@Supermaxx-e1c,Gutes Video â¤ğŸ‰ğŸ˜Šâ¤ï¸ğŸ‘ğŸ‘ğŸ‘ğŸ‘ğŸ‘,C3p86o0O4Q8,UCYOs0_uujW-AmJVMzzRkOsA,2024-12-28T07:32:54Z
@petrakoch9884,Vielen Dank fÃ¼r das tolle Video! Habe viel gelernt! âœŒğŸ»ğŸ€ğŸ€ğŸ€,SzVYfcYb4Ng,UCDq8FAH3ewRf_nXKdmY36DQ,2024-12-28T14:14:04Z
@Kikifriedmann,"Vielen Dank lieber Bill fÃ¼r deine Arbeit! Ich kÃ¶nnte dir ewig zuhÃ¶ren, auch wenn die Themen nicht immer meine sind (aber hÃ¤ufig). WÃ¼nsche dir ein GlÃ¼ckiches neues Jahr 2025!ğŸ™ğŸ¥°âœ¨",fZcwobA0EJ4,UCJI1Ca4vWWIcuwi0Zg4-jWg,2024-12-28T08:07:49Z
@Juddel,"Hallo liebe Irina! Vielen Dank fÃ¼r das schÃ¶ne Video! ğŸ¤—ğŸ¤—ğŸ¤— Ich wÃ¼nsche euch ein schÃ¶nes restliches Wochenende! ğŸ¥°ğŸ¥°ğŸ¥° Ich hoffe, du kannst dich etwas erholen. Man merkt dir an, wie schlecht es dir geht. ğŸ˜”ğŸ˜”ğŸ˜” Ich wÃ¼nsche dir nur das Beste! ğŸ€ğŸ€ğŸ€",uBKrO2FkfsM,UCppJIgSf6fdEhXJd3C8GJqw,2024-12-28T15:13:22Z
@Annabelle-d6v,"Liebe dich du bist sooooooo lustig auchğŸ‰â¤ğŸ‰â¤ PIN pls? (muss nicht) âœ¨ğŸ€âœ¨ğŸ€",GZu4u-NixOQ,UCE5rBWLmUEfQmKn_-bb9D5Q,2024-12-28T07:30:53Z
@robertkonig7114,"Ich glaube an Jeschua Jesus Christus mein Herrn , Retter und ErlÃ¶ser und ich liebe ihn und ich glaube an GOTT mein Vater und ich liebe ihn so sei es ğŸ™âœŒï¸â¤ï¸ğŸ‘ğŸ™‚",O8ytfU493f8,UCRBLZtcSPV1ql3yOUK2QIGQ,2024-12-29T04:03:41Z
@Pervybilly,"Dirk kann ich jederzeit stundenlang zuhÃ¶ren, aber alle Beteiligten sind sehr interessant und das Ganze ist sehr unterhaltsam, vielen Dank fÃ¼r das Hochladen ğŸ‘ğŸ‘ğŸ‘ğŸ™‚",ptySff-0sp0,UCb86DpUOCWWekc4OdqusIMA,2024-12-28T16:08:39Z
@simongleim9899,Cooles Video Ich wÃ¼nsche dir schon Mal einen guten Rutsch ins neue Jahr mein lieber ğŸ˜ŠğŸ˜ŠğŸ˜Š,pcvwmtb3AWw,UCZGcinJ0jKPmzYoB0Vcow8w,2024-12-28T11:19:55Z
@PetraHoffmeister,"Liebe Landsleute,lasst es euch nicht nehmen Silvester so zu feiern und zu verbringen, wie ihr das fÃ¼r richtig haltet und geplant habt!ğŸ¾ğŸ¥‚ğŸ¥ğŸ†ğŸ‡ğŸ‰ğŸŠğŸ“£ğŸ‡©ğŸ‡ªğŸ‘ğŸ¥°",rx4ipcR5nOs,UCxpX9ujsVZxG_Bi_UEI6K0A,2024-12-28T16:36:55Z
@danieladroese8564,Niedliche Katze awwğŸ˜Šâ¤â¤ liebe deine Videos â¤â¤â¤ bist der beste und deine Shorts sind lustig â¤â¤â¤â¤,IqWGPr7ZM24,UCjtMuADzhO4LtmvmSzDwXKA,2024-12-29T10:43:00Z
@Amelieemll,Wieder ein tolles Video so wie alle deine Videos â¤ğŸ˜Š,p6XJIcIP1Io,UC9CdzSPg2DuZ2YSaflng3Hw,2024-12-28T22:46:42Z
@dorkfff8582,"Na dann schauen wir mal, wird ein spannendes 2025 werden, abermals lieben Dank fÃ¼r den Content, drei Daumen nach oben ğŸ˜… ğŸ‘ğŸ‘ğŸ‘",-HbdvEO4DWE,UCcc5TcOGgNybHah6R_RWPtg,2024-12-28T12:44:58Z
@AmelieNied,Du siehst WunderschÃ¶n aus. Ich liebe deine Haare. ğŸ˜Šâ¤â¤â¤â¤,AgpFvqcEzdQ,UCne7Ns4cHdxn_PIgEU8l-xA,2024-12-28T18:21:45Z
@fanraf_187ragucci6,Danke Paulina fÃ¼r diese motivierende Antwort ğŸ˜ŠğŸ˜ŠğŸ˜ŠğŸ˜Šâ¤ i love you â¤,fTmcFeR3LUo,UCPMxn3Kt64oocOd1LxJ055A,2024-12-28T15:09:56Z
@TheOnyBiggG,Du mach die geilsten Videos ğŸ‘ğŸ¼,D96qzpGBdZ0,UCVhki5cQtj0NWiFOTqR4q1Q,2024-12-28T22:25:03Z
@NN-NN-NN-NN-88,Vielen lieben Dank fÃ¼r deinen interessanten Beitrag â¤ und einen guten Rutsch ins 2025 â¤,fZcwobA0EJ4,UCJI1Ca4vWWIcuwi0Zg4-jWg,2024-12-28T20:32:29Z
@setarehsafari2027,Ich liebe deine Videos â¤,zCIub4Kzgcc,UCqiuFWHZ_4mjUU6cpqE57XA,2024-12-29T11:25:50Z
@MissJasmina,Tolles Video wie immer ğŸ˜ŠğŸ‘ğŸ» Danke das du immer wieder interessante Immobilien zeigst. Wobei diese Villa einen eher abschreckt 10 Millionen dafÃ¼r?ğŸ« ,T0igxDR3v9M,UCOQA_yMMEZkFoASQkT8uQPg,2024-12-29T09:26:06Z
@rococo3k,"Lieber Kevin, ich hab keine Ahnung wie es kommt ğŸ¤·ğŸ»â€â™€ï¸ WÃ¼rde mich aber freuen, wenn es nur ansatzweise so kommt wie du sagst ğŸ˜‚ Danke fÃ¼r deine Arbeit. â¤ Rutsch gut in ein Jahr voller wahrer Prognosen ğŸš€",-HbdvEO4DWE,UCcc5TcOGgNybHah6R_RWPtg,2024-12-29T06:28:23Z
@LeonieMÃ¶ller-q5o,WowğŸ˜®ich finde dieses Haus am besten ğŸ¤© liebe eure vidios,KD_aB2AseSQ,UChSLAQeeOmF_opWnQ9lLauA,2024-12-28T12:28:43Z
@luljetadautaj4776,Ich werde mir das Video an schauen ich weis aber jetzt schon das es geil wirdğŸ˜‚ğŸ˜‚ğŸ˜‚,CetnU_PPAgA,UCQ_hHJ0uTbzFLHrk1XHGXtw,2024-12-28T10:39:11Z
@ChÃ¨Ã©ch-X,"Das Verkaufen wird nicht leicht werden, leider. Vielen Dank Karo fÃ¼r deine tolle Arbeit ğŸ‘ğŸ¾",GQ9yvrW4GPo,UCeJbCiHNpvA2X3s62sJj5Kg,2024-12-28T13:50:29Z
@scatman65,Ich lieber gemeinsam statt einsam meine Frau spielt auch und ihr beiden sowas von toll ğŸ‰ğŸ‰â¤â¤,exIhdfgraH8,UCeEZkty8XP1ey0na-JRdPJw,2024-12-29T09:54:23Z
@DaschaSchadt,Du bist der beste ich liebe deine Videos ich wÃ¼nsche dir schonmal frohes neues Jahr ğŸ†ğŸˆğŸŠ ğŸ’•,lWcSzX5Kl10,UCO_4NjPJY-pjiFgmgYBl1Ug,2024-12-28T12:19:06Z
@IrisBordahn,Lieber Heiko du hast wieder super Witze ich kann nicht mehr ich liebe deine Witze ich wÃ¼nsche euch beiden eine gute Nacht ğŸ˜‚ğŸ˜‚ğŸ˜‚ğŸ˜‚ğŸ‘ğŸ‘ğŸ™â­ğŸŒ›ğŸ¥°ğŸ¥°,WPdP_a0Aufo,UC2eR8We_OJ6nqppNdvNlaBQ,2024-12-28T23:24:07Z
@reinhard8367,Alice fÃ¼r Deutschland und gewinnen ğŸ‘ Nur noch AFD kann diese Idioten stoppen ğŸ‘ Danke fÃ¼r die Arbeit  ğŸ‘ ğŸ‘,ojpJDP3v3YU,UCQFJHeP9y6QzazIAZxIC3kw,2024-12-29T00:12:59Z
@Ramsesss1960,Danke ğŸ‘ğŸ‘ğŸ‘ğŸ‘,8RHFDd8e-jg,UCST5KPITPzlIDfxblm0VBQA,2024-12-28T12:35:57Z
@timreinig2535,Sehr schÃ¶nes VideoğŸ‘,F5aNtsvWb48,UChuS5MHXn-vgeR0d1Er4Hmg,2024-12-29T11:29:28Z
@mjstemper3961,Hoffen wir das Allerbeste! Danke sehr fÃ¼r die sehr inspirierende Infos! ğŸ€ğŸ€ğŸ€,plxAJeM0fEw,UCTYN0gt9T3QrRFg9YVlofng,2024-12-29T10:45:33Z
@giselarohde2571,DankeschÃ¶n. ğŸ™ğŸ’ğŸŒºğŸ¶ğŸ˜¼ğŸ€ğŸğŸ˜‡ğŸ’â˜€ï¸ğŸ¦‹ğŸ”¥,AMT7qk7LOlA,UC9AVlORWiIqbWzyVdDTAM7g,2024-12-28T12:16:13Z
@corinnaschultz9359,Vielen lieben Dank fÃ¼r Ihre BemÃ¼hungen ğŸ™ğŸ‘ğŸ’‹âœŒï¸ğŸ¥°,ebkXfFUX9oc,UC10MkHLwWeqADmF5i_wrW8Q,2024-12-29T07:33:00Z
@lukasbertus5589,Guten Morgen Fabian danke fÃ¼r das Update Video bis zur nÃ¤chsten Video ğŸ‘ğŸ™‚,HXXF2_hRyv4,UCb3xrYfO7IQcHnkjNHJH0IQ,2024-12-28T08:59:06Z
@LiyaMarchou,GLÃœCKWUNSCHğŸ‰ğŸ‰LIEBE DEINE VIEDEOSğŸ˜Š,-pHBpklj4_o,UC2BKi0lRr_0yYcgsR6GKGsA,2024-12-28T14:58:38Z
@xanzzzindabenzoo1303,"Ich liebe deine positive Art â¤ wird mir auch alles andere von dir anschauen WÃ¼sste voll gerne deine Meinung zu einigen anderen Themen auch ğŸ‰â¤ liebe â¤ğŸ˜Š",qh7y5lAgwhw,UCGvS2WXCcFuyUqZMc_mjEfw,2024-12-28T23:06:31Z
@annamustermann1940,Lieber Herr Winter einen guten Rutsch ins neue Jahr 2025 fÃ¼r Sie und die nette Marktfrau ğŸ€ğŸ€ğŸ€ğŸ·,FVLdtMeyH1U,UCyH9w3VhfZPdjH28VFeoHUA,2024-12-29T11:53:53Z
@Itzzyour_yessy,Ich liebe deine gta Videos die sind so cool du  gibst dir so viel mÃ¼he ğŸ‰ğŸ‰ğŸ‰ğŸ„ğŸ„,IEQjGOZF2rU,UCtbmy36Z0gtHoJVDQZtBAuA,2024-12-28T12:49:17Z
@sebastiansoffner1342,Wir brauchen mehr Dora â¤ wir lieben deine Videos ğŸ˜‚ğŸ˜‚ğŸ˜‚,NWVUf0pRMcE,UCw68lfxaH40S1rP6-ZwHhKw,2024-12-28T19:44:22Z
@sandrasuppiger6630,Ich  liebe dich â¤â¤â¤ machst coole  Sachen ğŸ‰ğŸ‰â¤â¤â¤â¤,nxgnyqidWXM,UCfnHPtNZw3Y02NIXYvue-ww,2024-12-29T09:29:16Z
@sinajerichow3357,Ich liebe deinen und leontin sein KanalğŸ˜˜â¤ï¸â¤ï¸â¤ï¸â™¥ï¸,A6axQnL27qg,UCsuN6CSvgBhrttN3UZrEiGw,2024-12-28T19:25:18Z
@maysaaalashwah373,Leontin ich liebe dichâ¤â¤â¤â¤â¤â¤â¤â¤â¤â¤â¤â¤â¤â¤â¤â¤â¤â¤â¤â¤â¤â¤â¤â¤â¤â¤â¤â¤â¤â¤â¤â¤â¤â¤â¤â¤â¤â¤â¤â¤â¤â¤â¤â¤â¤â¤â¤â¤,A6axQnL27qg,UCsuN6CSvgBhrttN3UZrEiGw,2024-12-28T20:08:10Z
@TeamElena-w7k,Ich liebe deine VideosğŸ‘,Y-2ShPflHF4,UC6zt1e6c9N4VaSBOhC1wV9g,2024-12-28T18:48:44Z
@sharifrebin5609,"Du bist ein Held du bist ein Ehrenmann danke, dass du sowas machst.ğŸ‰ğŸ‰ğŸ‰ğŸ‰ğŸ‰ğŸ‰ğŸ‰ğŸ‰ğŸ‰ğŸ‰ ich hab dich auf jeden Fall abonniert",Y-2ShPflHF4,UC6zt1e6c9N4VaSBOhC1wV9g,2024-12-28T15:54:36Z
@Jonasdergeile-K2,"Ich liebe deine viedeos wegen Viktor â¤â¤und den Raketen ,BÃ¶llern ,Batterien â¤ Er ist sooo sympathisch ğŸ˜Šâ¤â¤â¤",AcwtfOPxIME,UCR21ZD_hVJJz9M6rOAnzN1A,2024-12-28T21:33:09Z
@44Unbekannt030,Ich liebe sein Humor ğŸ˜‚â¤,WPdP_a0Aufo,UC2eR8We_OJ6nqppNdvNlaBQ,2024-12-28T21:03:52Z
@AlexaLandshammer,WÃ¼rde mir so heftig wÃ¼nschen das du hart potter Kekse dekorierst liebe dich und deine Videos â¤,hpnSp0h7g8Q,UCwwgwWWgg6UEJ2D_XGZE1IQ,2024-12-28T13:55:29Z
@mmap7i,hallo fuÃŸball nerdğŸ‘‹ich gucke deine videos von anfang an.Du hast mehr oder weniger in einem jahr rund 200.000 abonenntenğŸ¥³ Einfach krassğŸ«¨,THQBGX9Sdqc,UCnYmWuBzOVyyP1E3_utrN9w,2024-12-28T11:04:11Z
@BerndBlank-c5q,"Lieber Herr Reichelt, DankeschÃ¶n, ich stehe voll und ganz zu Ihrem wirklich sehr guten Beitrag ğŸ™ğŸ’™ğŸ’™ğŸ’™",QsPeuR_47Mc,UCQTxH7UdLR8Am8WEqk3LhTQ,2024-12-29T11:43:07Z
@Rabea-ee2vc,Chris tall bitte mach im neuen Jahr genauso super weiter danke â¤ğŸ«¶ğŸ«¶,Rt3nyYyQWSc,UCYXF2F5gTcz7Dg1hIi_S0hA,2024-12-29T09:03:39Z
@Bingoringo-k6x,"Dieser Mann kann noch die Wahrheit sagen, ohne das am nÃ¤chsten Morgen das SEK bei ihm klingelt !! Vielen Dank fÃ¼r ihre UnterstÃ¼tzung!! Hoffentlich trÃ¤gt Sie dazu bei uns aus diesem irrenhaus zu befreien ğŸ‘ğŸ‘ğŸ‘ğŸ¤·â€â™‚ï¸ğŸ¤·â€â™‚ï¸ğŸ¤·â€â™‚ï¸ğŸ¤—ğŸ¤—ğŸ¤—",1jojkCtYZcQ,UC2GmvCykzYcrNnrnClMzrqQ,2024-12-28T21:04:40Z
@CharlotteHerzchen,"Wie lustig bei uns ist es auch Raclette â¤#askkalicassyÂ Was wÃ¼rdest du wen die Welt unter geht retten.Â Ich liebe deine Videos, wen ich sie sehe dann bin ich gleich wieder frÃ¶hlich ğŸ˜€Â Bitte grÃ¼ÃŸe mich. ğŸ’",iqqXe65haQo,UCMLpn-TdEdQxfPscECeavTg,2024-12-28T21:46:26Z
@karstenmenzinger6768,"NachtrÃ¤glich alles Gute zu Deinem Geburtstag Carsten ğŸ€ğŸ‰ğŸ‚ Mach weiter so, die AufklÃ¤rung ist sehr wichtig. Auch dieses Video trÃ¤gt dazu bei. Liebe GrÃ¼ÃŸe",itPgOb58i2Q,UC2L8zl0aJ_AgN6pLtxMo1ig,2024-12-29T08:47:19Z
@jan-philippdenkler3313,Nices Video ğŸ˜…ğŸ˜‚ğŸ‰ Guten Rutsch ins neue Jahr!ğŸ‰ğŸ†,TB4lbmqh0cg,UCkckVhg_uQfBEeBVFHoCraw,2024-12-29T09:12:19Z
@elariskarimov7144,Viel SpaÃŸ â¤â¤ beim Silvester â¤ und DankeschÃ¶n das Kevin fÃ¼r dein FeuerwerkvideoğŸ†ğŸ†ğŸ†ğŸ†ğŸ†ğŸ‘ğŸ’du bist der beste,lWcSzX5Kl10,UCO_4NjPJY-pjiFgmgYBl1Ug,2024-12-28T09:19:34Z
@matthiasludwig8112,Starkes Signal tolles Erlebnis das Video gute ArbeitğŸ‰,FX5buG_fDEg,UCFaGFYoav4S3eGk1Z55Kmww,2024-12-28T23:46:31Z
@AyoubElkadourii-j5j,Ich liebe deine VideosğŸ˜ğŸ˜ğŸ˜,3O0REeY8jKc,UCYhqrhFCVFBxiQAlgbH1SPA,2024-12-28T08:24:56Z
@Mr_Sakul_official,"Lieber Phillip vielen Dank fÃ¼r dieses erfolgreiche Jahr, dass ich nur euch zu verdanken habe â¤ï¸ und auch vielen Dank an dich dass du auch zur Weihnachtszeit immer kostenlose Videos machst und dir dafÃ¼r Zeit nimmst, Gott segne dich und deine Familie Tausend Dank ğŸ™ğŸ‘ğŸš€",ooVZ4WaQDKI,UC3AdN1bEmEonuSwXNS8LixQ,2024-12-30T15:15:55Z
@ResidentHotdog-pc5gi,Liebe deine Videos â¤ğŸ‰,Zoozcbpx3Ws,UCbyhRdvhJI7XOltrUk1EG7g,2024-12-28T12:02:17Z
@11test33,3 liebe deine Videos â¤â¤,1Pn943x8J5E,UCqUjDq2IjuWYB4GaGnjy88w,2024-12-28T11:34:48Z
@Juraplusion,Sehr â€geil gemachtâ€œ -es Video ğŸ”¥,6ujSRDT6URc,UCEMOfc4WSYvEfAXelBiJyEQ,2024-12-28T17:17:38Z
@rbb.exe.808,"Waaaass haha ist denke ich klar, viel Liebe macht echt gute videos ğŸ«¶ğŸ¼ğŸ˜",exIhdfgraH8,UCeEZkty8XP1ey0na-JRdPJw,2024-12-29T00:20:33Z
@-Jojo-Roblox,Wie findet das Video auch coolğŸ¥³ ğŸ‘‡,CetnU_PPAgA,UCQ_hHJ0uTbzFLHrk1XHGXtw,2024-12-28T10:37:45Z
@Cute_Doggy-c3k,ICH LIEBE DEINE VIDEOS KANNST DU MICH GRÃœÃŸEN,IEQjGOZF2rU,UCtbmy36Z0gtHoJVDQZtBAuA,2024-12-28T12:47:53Z
@DINAGAMING-us4mb,Geiles videoâ¤â¤ğŸ˜‚ğŸ˜‚ğŸ˜‚â¤,cxDP7XxG1vs,UCwDSlwAMoFtv7kWllLvJcIA,2024-12-28T20:59:16Z
@ManfredWÃ¶rner-x3j,"Ich liebe diesn Kanal , einfach nur Geil ğŸ˜‚ğŸ‘ğŸ»ğŸ‘ğŸ»ğŸ‘ğŸ» Weiter so ğŸ‘ğŸ»âœŒğŸ»ğŸ¤ŸğŸ»",lQhyhdvRRxY,UCOQFfcGRc886dXP2Oyt5OEg,2024-12-29T11:52:22Z
@GQ_scm,"Ich liebe deine Videos, mach bitte mehr solcher Storys ğŸ˜‚ğŸ˜‚",O86Xo1JsI8E,UCRjTGyRKRJ6CVf1L1gebfFQ,2024-12-29T00:58:09Z
@Lea_Roblox953,Ich liebe dieses LIED ğŸŒ¹ğŸŒ¹ğŸŒ¹ğŸ˜»ğŸ˜»ğŸ˜»ğŸ˜»ğŸ˜»,I6cdbQ2bDBY,UCkvtCxVKkWuoMHNip9AEBEA,2024-12-29T08:50:46Z
@Emirjuniorronaldoeditz2,Finnel bitte bitte kom nach korb Baden WÃ¼rttemberg ich liebe deine videosâ¤,Y-2ShPflHF4,UC6zt1e6c9N4VaSBOhC1wV9g,2024-12-29T00:45:46Z
@sinazoeyy,Ich liebe die Kommis hier!!! So viel tolle kreative Ideen ğŸ˜,Szri4oHM748,UCQlufOsKKA0czNskx7SxGjw,2024-12-28T23:46:43Z
@georgperwein8012,Okay ğŸ‘âœ…Ã¼brigens liebe  deine Videos und bin seit Anfang an dabei â¤,tGQspcngH64,UCOzqhzAIw4JTJIMkDTfLnkg,2024-12-28T13:28:30Z
@jessybluebelle1467,ErsteğŸ˜® liebe deine videosâ¤ğŸ‰â¤ğŸ‰â¤ğŸ‰,lwpBc7vlYhk,UCjzaKQRl5Q0bCwSaLocb5Vw,2024-12-28T14:18:34Z
@MeineWelt17,"Ich liebe deine Arbeit und deine KreativitÃ¤t â¤ï¸ KÃ¶nntest du mal Kekse zu Thema Voltigieren dekorieren? Es wÃ¼rde mich soooooo freuen â¤â¤â¤â¤",hpnSp0h7g8Q,UCwwgwWWgg6UEJ2D_XGZE1IQ,2024-12-28T13:22:58Z
@olgakem3997,Alice ich liebe dich...du bist der einzige Hoffnung fÃ¼r Deutschland,EdzCDiUJ9DM,UCFRRokadVKQM7Jb50wiIK2w,2024-12-29T12:31:38Z
@evaschutze553,"ğŸ’™LIEBER HELMUT, DU UND DEINE GÃ„STE, IHR SEID IMMERğŸ‘â€¼ï¸DANKEâ€¼ï¸ğŸ’•ğŸŒ",v4X3Dn4ZRpg,UCi5RJM_p1NajcGdBQfjyU4A,2024-12-28T12:24:21Z
@gabrielewienand7372,"Es ist schÃ¶n zu wissen, daÃŸ meine Katze mich liebt, da ich sie auch sehr lieb habe!â¤ğŸ¥°",fwYqiQjEgBI,UCnqnkVSJVpRhOYuf1Vy3eWA,2024-12-28T17:10:29Z
@margaritafischer235,"Ich liebe deineâ¤viedios, der Beauty spoint ist echt komisch die normalen sind wirklich besserğŸ˜…",nxgnyqidWXM,UCfnHPtNZw3Y02NIXYvue-ww,2024-12-28T19:16:30Z
@XY_TeamLEmA,Mach bitte wieder Dora Videos ğŸ˜Š â¤ğŸ˜Šâ¤ğŸ˜Šâ¤ğŸ˜Šâ¤ğŸ˜Šâ¤ğŸ˜Šâ¤ğŸ˜Šâ¤ğŸ˜Šâ¤bitte wieder Dora!!!!â¤â¤â¤,NWVUf0pRMcE,UCw68lfxaH40S1rP6-ZwHhKw,2024-12-28T14:21:35Z
@Tobiwankenobi98,Wow danke fÃ¼r diese wunderbaren Worte ğŸ«¶ğŸ»ğŸ™ğŸ»,Kx3koczIENI,UCQlvHgLN06bF7YpvAgqg91Q,2025-01-05T12:17:13Z
@TheWind23,13:30 â€Danke fÃ¼r die Rose ğŸŒ¹â€œ Ich hÃ¶re einfach nur noch das wenn ich sein Gesicht seheâ€¦,T_L4F8rV8FE,UCOuXYcgQbHBqpXG4RvqdltQ,2024-12-29T00:45:12Z
@severinwidmer1931,"Ich wÃ¼rde die mittleren Spiesse noch ein wenig aus einander setzen dann ist das Risiko kleiner das mal eine Balle nicht richtig hÃ¤lt aber nur meine Meinung Danke fÃ¼rs gute Video ğŸ‘",WxAejd6P3GQ,UCOh930FLFQ8IYSBewMTBrrA,2024-12-27T22:25:12Z
@kewikid68,Vielen Dank lieber Ceddo und lieber Dennis fÃ¼r euer Adventsspecial mit den zwei Videos pro Tag! ğŸ’• Das war echt super toll! Jetzt habt ihr euch den Urlaub richtig verdient! ğŸ¤—,hkdpxUxrf_c,UC-QOcOL01vuShdAk01YzDmw,2024-12-29T01:46:43Z
@birgitannaweins786,"WunderschÃ¶ne Gedanken und Worte, lieber Raphael. Vielen Dank, dass Du uns hier an Deiner Reise durch die RauhnÃ¤chte teilhaben lÃ¤sst â¤ğŸ˜Š",0DNWPcwmLUY,UCKC1NPi5ls4UazAUKI3IXGQ,2024-12-28T20:20:11Z
@patrickkuemmel645,"Abonniert, danke fÃ¼r das Video ğŸ‘ğŸ‘ğŸ‘",K0tOa4Fx61I,UCmMUNx_vopo3M6bIkg1HgXw,2024-12-29T07:16:50Z
@nilsschiekel5099,Sooo ein geiles Format. Ich liebe es!ğŸ˜,kVf63RFBt1c,UCyQAraT4FYcXgnUTLOj796Q,2024-12-29T10:25:26Z
@x_jjpro_x2163,KÃ¶nntest du das selbe nur mit Creepern machen? WÃ¤re echt cool!!! Liebe deine Videosâ™¥ï¸ğŸ‰,Aa_TzD-cUn8,UCSv1-5MuLfDPLgZU5CrMuiw,2024-12-28T13:26:07Z
@mentorfetahu434,Mohi du bist der beste mach weiter so ich liebe deine Videos ğŸ¤£ğŸ¤£ğŸ¤£,zCIub4Kzgcc,UCqiuFWHZ_4mjUU6cpqE57XA,2024-12-29T12:49:42Z
@mozillapenner,Ich liebe ihn einfach und sein Humor! Mit der beste Comedian Deutschlands ğŸ‰ğŸ˜,RpQgB7nOEOQ,UCGcheBSVngQt09ubb0BZyJw,2024-12-29T09:33:44Z
@petrapuschel6514,"Ihr habt das so gut gemacht, herzlichen Dank dafÃ¼r ihr LiebenğŸ¥°ğŸ™",Q4QP-NBApIw,UCnXXE5fOzxr1VT0ez4ZuisA,2024-12-28T22:21:57Z
@Biv_74,Danke dir und ein gutes neues Jahr âœŒğŸ¼ğŸ«¶ğŸ½ğŸ‘ŒğŸ¼ğŸ‡¨ğŸ‡­â˜ºï¸â—ï¸,r2fkER-GU3g,UCHTlBmyCQuN89M4E90QLo1A,2024-12-29T15:06:01Z
@Leo_der_king,Richtig cooles Video mach weiter so ğŸ’ªğŸ’ª,YpD0LNfZbBc,UCBAwb75eZSj7w0MeS9ngLtg,2024-12-29T07:30:09Z
@kerstinjahn7175,"Danke liebe Nina, du bist ein Engel und ein Segen. ğŸ™â¤ï¸",1O9Bv9YRJj4,UC1Sld6ZBkekLMCjGvWueGGg,2024-12-30T07:54:27Z
@vids4u-H,NachtrÃ¤glich frohe weihnachten!! â¤ liebe dich jessie du bist  die besteğŸ€ğŸ¹,U6n9G3AUhsc,UCrwHae2jvK6EKj8rqJLy2Ww,2024-12-30T09:03:09Z
@martinalewick167,"Herr KlÃ¶ppel danke fÃ¼r ihre stÃ¤ndigen Infos .. kommen sie gut und gesund ins neue Jahr ğŸ€",li_pJ-ZxfHg,UCJEFIodDXA3hF7DyQFvd6zg,2024-12-29T18:11:36Z
@JanKhan-vn4ul,Echt Lehrreiche und Liebevolle StorryğŸ˜Šâ¤,6ZadC0aQcuw,UCxdZj_o8vHYqZRsOxsN_ijg,2024-12-30T12:34:03Z
@adasplakolli4451,Das video war so geilğŸ˜‚ğŸ˜‚ğŸ˜‚ğŸ˜‚,ZWyjKKapGig,UCaDSQPbufzS-STtu9qxf3OA,2024-12-29T21:42:51Z
@hommmaria2160,Ich liebe deine ViediosğŸ˜Šâ¤ğŸ‰,eC3CLtAzuY4,UC80GNjQxqqukU5kzxVmHAjA,2024-12-29T18:20:49Z
@AnniSaller,"Hi, ich liebe eure Videos und hÃ¤tte noch eine Idee. Ihr kÃ¶nntet doch mal Siri euren Tag bestimmen lassen. Ihr seid die besten â¤ï¸ğŸ‘‹",WAcR2SDZ5DE,UC06uYgf5-wfdLpWH6ZGp9Rg,2024-12-29T21:41:44Z
@ralpharenhoevel,"Der Bericht war wirklich toll und sehr informativ â€“ vielen Dank dafÃ¼r! ğŸ‘ Ich stimme den Gutachtern absolut zu und teile deren EinschÃ¤tzung, vom Kauf abzusehen. Der Verkaufspreis erscheint mir im Vergleich zum damaligen Neupreis viel zu hoch, besonders wenn man bedenkt, dass das Boot fast 50 Jahre alt ist. â›µï¸ Der Schaden am Teakdeck ist aus meiner Sicht sehr problematisch, da die Reparatur nicht nur teuer ğŸ’°, sondern auch extrem aufwendig ist. Hinzu kommt die Unsicherheit, welche weiteren SchÃ¤den â€“ insbesondere am Sandwichkern â€“ mÃ¶glicherweise vorhanden sind. â—ï¸ Insgesamt ein sehr riskantes Angebot.",WQx9h9mKl_A,UC8OmaK-xOjjJVHySEP7gJ_g,2024-12-29T12:02:18Z
@erwinzagler6797,"Hallo ihr lieben,wÃ¼nsche euch von ganzen Herzen ein guten Rutsch ins Neue Jahr.Bleibt gesund und drÃ¼cke euch die Daumen das alles gut geht ihr seit ne starke Familie.â¤ğŸ‘ğŸ€ğŸ€ğŸ€ğŸ‡ğŸ‡ğŸ‰",2eU441pNSio,UCucHkPnBa7pB-jITCGuSqKw,2024-12-30T10:36:41Z
@kunstschule3802aaa,"Vielen Dank fÃ¼r diesen tollen Stream mit vielen geilen MomentenğŸ˜‚ Gute Nacht und ich freu mich schon auf den nÃ¤chsten Stream",poLQi9sgkBA,UCtJTqwX2h8MiuFWd6dsyzbw,2024-12-29T22:52:29Z
@vladimirsteinfeld1585,Liebe GrÃ¼ÃŸe und guten Rutsch ğŸ’«âœ¨ğŸŒŸâ­ï¸,j-rC6AkLM4Y,UCpTQ3wtr2BSG1J9VESsDOwA,2024-12-29T11:16:03Z
@karindagmarkehling8749,Danke das wÃ¼nsche ich Ihnen auchğŸ‰ğŸ‰,li_pJ-ZxfHg,UCJEFIodDXA3hF7DyQFvd6zg,2024-12-30T11:25:53Z
@christineweber9859,"DankeschÃ¶n fÃ¼r die Info, einen guten Rutsch ins neue Jahr ğŸ€",li_pJ-ZxfHg,UCJEFIodDXA3hF7DyQFvd6zg,2024-12-29T16:56:05Z
@Karim-bo3mx,Besten videos ğŸ˜‚ğŸ˜‚ğŸ˜‚ğŸ˜‚,tta2hs31OkQ,UC9wiklEhhzwV1QNDjtApEgA,2024-12-30T09:27:30Z
@kevinosei-antoh3091,Top Video ehrlich ğŸ‘ğŸ¾,99xT-SFJMVI,UCrvbhtIwl0ub63ep74fTVqw,2024-12-29T23:44:52Z
@miluofficial2204,Ich liebe euchğŸ˜‚ğŸ˜‚ğŸ˜‚,E6Yt5qcZNvo,UC2sW_Oyqb0cbO1056Ciehnw,2024-12-30T08:51:25Z
@satoschinakamoto,Vielen Dank fÃ¼r Deine wertvolle Arbeit ğŸ‘,TEtED2WFcJ8,UC_C8nQYL3bvF-NF_Z9j7q8A,2024-12-29T08:42:15Z
@madithagrittner2741,Wie lustig und sympathisch kann eine Familie bitte sein ğŸ¥¹ğŸ¥° bei jedem Video sterbe ich gefÃ¼hlt vor lachen !!!,9SqWUwe8qcE,UC3PWW6E9mHuyyeQ_IGiPxjw,2024-12-29T23:10:51Z
@nicolepasewalk2274,Liebe deine Videos ğŸ’“ğŸ’“ğŸ’“ğŸ’‹ğŸ’“,ek9q66jTPqc,UCfnHPtNZw3Y02NIXYvue-ww,2024-12-30T15:08:06Z
@Deyotube_Gaming,Liebe euch ihr seid die besten Youtuberâ¤ğŸ‰,-1BfpGw1Seo,UCgmHVWU9vo_Y4fiQSCfGGRw,2024-12-29T19:51:56Z
@WolfGaming01_,"Lieber @EureVideosFahrnuenftig ich verfolge dich schon etwas lÃ¤nger und wollte einfach mal Danke sagen. Danke fÃ¼r die vielen schÃ¶nen Videos und danke fÃ¼r die Unterhaltung â¤ Komm gut ins neue Jahr.",nb0ibOPmrpQ,UC6sac4Q3AuQUGoUpnzd10bA,2024-12-30T11:40:06Z
@Felixm1234,Die Musik im Video ist lauter als der Knall ğŸ’€,v-EckYYDw2E,UCaUYBxzQfJ8tEsOqebt7ZrA,2024-12-30T12:13:38Z
@Danny-87,Ich liebe Dich ğŸ’–,nYDCbE4bBNI,UCtkZV80sREaZWRnxs-ooUkg,2024-12-29T23:43:22Z
@CarstenSchÃ¶ngarth,"Lieber Sirwan, ich wÃ¼nsche Dir ein astronomisch gutes Raumfahrtjahr 2025!ğŸ¤—",FVR9Xbsj_z8,UChGMgfuwNjUwoCsfH38ZeNQ,2024-12-30T10:18:09Z
@maritabottcher7949,"Moin liebe Maren, unglaublich was du fÃ¼r tolle Ideen hastğŸ˜ Liebe GrÃ¼ÃŸe",EUnCBt2UpV4,UCQ9O1rK-IE9NBYbMml-fnEA,2024-12-29T16:56:10Z
@kerstina.2356,"ğŸ€ğŸ€ğŸ€ Herzlichen Dank fÃ¼r deine wunderbaren Ideen, deine unterhaltsamen Videos und damit ganz viele GlÃ¼cksmomente in meinem Zuhause. Ich wÃ¼nsche dir und deinen Lieben ein frÃ¶hliches Fest, um ins neue Jahr zu rutschen. Alles Liebe, Gesundheit und GlÃ¼ck fÃ¼r 2025. ğŸ˜ƒğŸ€ Freue mich auf das Wiedersehen. GrÃ¼ÃŸe aus der LÃ¼neburger Heide. KerstinğŸ‰",lOOdVEn3x0Q,UCCjipzy95la_Q3dOpixTCfQ,2024-12-30T08:36:21Z
@malerin3713,Zum BrÃ¼llen!ğŸ˜…ğŸ˜…ğŸ˜…Danke und gudn Rudsch!â¤ğŸ‰ğŸ˜‚,D25Nu8sQy78,UCLLibJTCy3sXjHLVaDimnpQ,2024-12-30T08:23:29Z
@alexanderscharfenberger7406,Ich liebe eure Videos ğŸ˜‚,o7JqNUjjG2c,UCfIMrBjWDvg_3iQGJhkDe-Q,2024-12-30T10:30:42Z
@annemarieguckes5020,"Vonâ¤danke liebe Silke und Team! Und Allen da drauÃŸen ein licht-,liebe- und friedvolles Jahr in Vertrauen auf die gÃ¶ttliche FÃ¼hrung ğŸ‰â¤ğŸ˜Š",KMBqmzbvOlw,UCoTH7nFbD7-jcuzO7jmPguw,2024-12-30T13:17:50Z
@birgitseibel5708,"Liebe Monika, Das ist ja echt ein sÃ¼ÃŸes TÃ¤schchen mit dem Henkel  â¤ Danke fÃ¼r immer wieder schÃ¶nen und brauchbaren Ideen Ideen â¤.  WÃ¼nsche dir und deiner Familie einen wunderschÃ¶nen Start in ein gesundes und zufriedenes Neues Jahr,  Alles Liebe ğŸ’ğŸ€ğŸ˜",p0QH8UXc2A8,UCcZ9eOkkbJprl2akFl3i2tA,2024-12-29T21:48:02Z
@Attebe1,"Tolle kreative Ideen fÃ¼r den SilvesterabendğŸ‰ğŸ€Danke dir, liebe Lauraâ¤ Hab einen gesunden Start ins neue Jahr ğŸ€ğŸ™ğŸ‘‹",axkeAoKcQdc,UCFFS-FfNBONgC_7pycO_1LQ,2024-12-29T16:58:55Z
@LeonLesske-cs4vv,Super lustiges Video ğŸ˜‚ğŸ˜‚ğŸ˜‚,gQ16mCPy2d0,UCeEZkty8XP1ey0na-JRdPJw,2024-12-30T01:06:28Z
@lilu7544,"Danke an alle RettungssanitÃ¤ter ğŸ«‚  alles Gute an das tapfere MÃ¤dchen.mÃ¶ge Gott Dich immer beschÃ¼tzen, MÃ¤uschen ğŸŒ¿",QRMxZiVr0eA,UCw09dVNSv-WmQp6r4sIncXw,2024-12-29T23:40:24Z
@TheRealTemposhot,Haha sehr geil ich liebe es ğŸ¤£ğŸ¤£ğŸ¤£ğŸ™ğŸ»,gQeH95NttlQ,UC5Ah1lP7yIMV4wdM094Cwtg,2024-12-29T11:03:04Z
@guido5072,Du bist soooo eine Coole Yutuberin â¤â¤â¤ liebe deine Vidiosâ¤â¤â¤ğŸ‰,XOD2crG11BU,UCq34aVb0x-_3786RSPIRg0w,2024-12-29T17:45:02Z
@katrindro,Vielen Dank ğŸ™ğŸ» WÃ¼nsche Dir und Mama Regina einen guten Rutsch ins neue Jahr ğŸ‰.Vielen Dank fÃ¼r deine Arbeit und deine tollen Videos â¤â¤â¤,lBeCcmtqyUw,UCWh8tvOuX_h9r9c6E2hcdLg,2024-12-29T14:51:45Z
@MaxHeckel-ni5bq,ich liebe deine Videos und gute BesserungğŸ˜ƒâ¤â¤ğŸ’–,_O0s3wrd4Cw,UC9zLcnkKa_tXwxafSBh3Kvg,2024-12-29T17:17:02Z
@christellauer265,"Liebe Monika. Ich wÃ¼nsche dir, deiner Familie sowie allen deinen AnhÃ¤ngerinnen einen guten Rutsch und ein erfolgreiches NÃ¤hjahr.ğŸ‰ğŸ˜Š",p0QH8UXc2A8,UCcZ9eOkkbJprl2akFl3i2tA,2024-12-29T23:38:06Z
@lukasradre2941,"Genau dafÃ¼r liebe ich diesen Kanal: echt und authentisch, nicht immer schick und schÃ¶n, wie das echte Leben eben ist. Weiter so, lieber NDR ğŸ‘ Und fÃ¼r alle Landwirte mein groÃŸer Respekt, schon jetzt alles Gute fÃ¼r 2025ğŸ‘‹ğŸšœğŸ’¨",zW4gMtPodiI,UClD93z8xWn1EhYYIlavgx9g,2024-12-29T09:34:37Z
@sandrabastian3923,ğŸ¤©ğŸ«¶DankeschÃ¶n liebe Silke,KMBqmzbvOlw,UCoTH7nFbD7-jcuzO7jmPguw,2024-12-30T13:02:17Z
@jessisvlog494,"Es macht immer wieder groÃŸe Freude,  euch bei der Bescherung zu zuschauen.  Ihr seid so genÃ¼gsam und Dankbar ğŸ«¶ğŸ„ğŸ«¶ viele Liebe GrÃ¼ÃŸe ğŸ«¶",AIvQy9OvEG4,UCajyfb5EUPd3f3deUk0dBEQ,2024-12-29T18:13:44Z
@Danny-pj3bz,"Das war Spannung pur, Danke fÃ¼r dieses epische Duell ğŸ™ğŸ™ğŸ™",cYPj-1erV0Q,UCPj_Vtw0hKnhJapQuATBUrA,2024-12-29T18:17:06Z
@leehnchenprivat4049,â¤ vielen lieben Dank fÃ¼r diese tollen Ideen ğŸ‰ ich wÃ¼nsche dir einen guten Rutsch ins neue Jahr ğŸ€,axkeAoKcQdc,UCFFS-FfNBONgC_7pycO_1LQ,2024-12-29T12:31:47Z
@enrico307,"Ich Danke dir, fÃ¼r deine ehrlichen und wichtigen AufklÃ¤rungsvideos.ğŸ˜˜â¤ğŸŒğŸ•Š",YdX5tOSrxxM,UC1WkTcwuBeJNY3hQFq5fpPw,2024-12-30T08:58:42Z
@sternekomet9634,"â¤â¤â¤Vielen â¤ï¸ lichen Dank liebe Silvia fÃ¼r deine unermÃ¼dliche Arbeit fÃ¼r uns alle Danke Danke Danke â¤ï¸ Du liegst immer wieder richtig, man muÃŸ nur aufpassen und sich auch damit befassen. Das eigene Denken und hinterfragen ist essenzielle voraussetzung fÃ¼r DAS VerstÃ¤ndnis. ICH wÃ¼nsche Dir ein gutes und erfolgreiches Neues Jahr 2025 Gesundheit und  GlÃ¼ck fÃ¼r die Zukunft Danke fÃ¼r dein Sein LG Sofia Sonja aus MÃ¼nchen ğŸ’ ğŸŒ¹ ğŸ€ ğŸ™ ğŸ’ â¤â¤â¤â¤â¤",wcMdp2K5Tlw,UCJ7c87tyZyCbpeYZ6Io5dCg,2024-12-30T09:54:24Z
@IngridHammarstedt,Endlich ich liebe dieses Format ğŸ’“ğŸ’“ğŸ’“,gfjvf9JlCuI,UCbXZYanZEfJ1xzwFcBOGm3Q,2024-12-29T14:19:03Z
@janfischer2615,Ich liebe immer deine Videos ğŸ˜Š,2eBu2z-0VgI,UCxNSIoASToCd54SXOcR4cow,2024-12-29T09:01:27Z
@klemmbausteinfun,Danke fÃ¼r die Info ğŸ˜Š und guten Rutsch ins neue Jahr ğŸ‰,SuQirZrqfIk,UC_EZd3lsmxudu3IQzpTzOgw,2024-12-29T16:33:46Z
@Elsa-dt7kd,"9:58 so true ğŸ˜‚, liebe deine Videos â¤ï¸",9NoH2e3z5Co,UCThG7QeqxXF6GMCdos42_nQ,2024-12-29T18:25:30Z
@PetraFricker,Icrimax du bist beste Youtubeer danke das du mich gekrÃ¼ÃŸt hast ğŸ˜ŠğŸ‰ ich feier dich schÃ¶n seit vielen Jahren. Ich heiÃŸe Sem ich hab mich nur verschrieben aber danke das du mich trotzdem gekrÃ¼ÃŸt hastğŸ‰ğŸ‰ğŸ˜Š,mEA4gBCYZjA,UCaR5mgH9aZkswPQtjZ4DktA,2024-12-30T12:56:12Z
@BlackDragonLevis21,ğŸ’–echt cooles video von lehrenfrau ich liebes coolioğŸ’–ğŸ°,o8TzMksXLqM,UCR2r-x-wLNCl957sh2-Lplw,2024-12-30T00:49:27Z
@danielaschiefelbein1195,"Einen guten Rutsch wÃ¼nsche ich dir auch,lieber Alex-Gesundheit und GlÃ¼ck ğŸ‰ğŸ€ğŸ’¥ğŸğŸ‡LG DaniğŸ‘‹ğŸ‘‹",SZW01PWtJdw,UCwLTMMZVlnhM3lhyzADoALA,2024-12-29T23:59:47Z
@brook5127,Ich gucke dich schon seit 4 Jahren Paula und ich liebe dich einfach Ã¼ber alles ğŸ’“ğŸ’“ğŸ’“ğŸ’“ğŸ’“ğŸ’“ğŸ’“â¤ï¸â¤ï¸â¤ï¸â¤ï¸ğŸ¥°ğŸ˜ğŸ¤ªğŸ˜… fÃ¼r mich bist du einfach die beste tiktokerin youtuberin auf der ganzen Welt,raADlTywx3Y,UC1w25Dr5mYY-EKse9Tel-dQ,2024-12-30T05:36:40Z
@manuelarosinski4055,"Angst ist keine wirkliche Alternative zur Liebe! ğŸ’– Starre nicht zur Lebendigkeit. ğŸ§¡ğŸ’œ Inne halten, durchatmen und mutig weiter schreiten, gesund SEIN - auch mental und emotional, das wÃ¼nsche ich uns Allen fÃ¼r das kommende Jahr! ğŸ’«ğŸ©µğŸ§šâ€â™€ï¸â­ï¸ğŸ’œğŸ€ğŸ‘",KMBqmzbvOlw,UCoTH7nFbD7-jcuzO7jmPguw,2024-12-30T13:22:23Z
@ytanki,"Danke fÃ¼r dieses schÃ¶ne Jahresabschluss Video, lieber Rainer â¤ï¸. Ich wÃ¼nsche dir und deiner Familie auch einen guten Rutsch und alles Gute fÃ¼r 2025ğŸ€ğŸš²ğŸ›´â¤ï¸",15bT8GXTwNo,UCYWytlawFggjxJNneh9aw1w,2024-12-31T12:29:16Z
@cornelianaumann,"Danke liebe Nina â¤,es ist sehr schÃ¶n dir zuzu hÃ¶ren ğŸ€ğŸ«¶",1O9Bv9YRJj4,UC1Sld6ZBkekLMCjGvWueGGg,2024-12-30T12:59:22Z
@Mario-vo6zd,Marek und Thomas ich liebe euch beide.â˜ºğŸ¥° Ihr seid echte MÃ¤nner mit klasse und Charakter.ğŸ‘ğŸ‘ğŸ‘,LptHefGvBTw,UCpgjM3ewurHTrsQMrpUPDSQ,2024-12-30T09:54:19Z
@loxluan,Ihr seid soo lustigâ¤â¤ ich liebe eure videos â¤ğŸ˜ŠğŸ‰,9SqWUwe8qcE,UC3PWW6E9mHuyyeQ_IGiPxjw,2024-12-29T13:31:58Z
@katrindro,"Hi Paul, irgendwie ein Mega geiles Video. Deine hochwertigen Videos. Erste Sahne ğŸ‘.Location super schÃ¶n. War ja mal eine groÃŸe Firma . WÃ¼nsche dir und Harald einen guten Rutsch ğŸ† liebe GrÃ¼ÃŸe Katrin â¤ğŸ™ğŸ»",-y_Xf4LgkCA,UCT92wfMNKVmyUET93bPwXFg,2024-12-29T13:41:30Z
@Dany23-s6s,Alles Gute im Urlaub Omid. Komm Gut erholt zurÃ¼ck. Liebe GrÃ¼ÃŸe.ğŸ€ğŸ’ª,-yUywMZaSpo,UCAJaqfNOQdfsoP_Yzq0-fEw,2024-12-29T22:30:13Z
@RitaMastroianni-p4v,Ich liebe deine Videos ğŸ’,hecHaO-7Lco,UCEzcgczwPKAjZTL1dj-vs_A,2024-12-30T09:43:25Z
@barbarapeterka2478,Super originelle Idee ğŸ˜Š DankeschÃ¶n,AROEm48lJc8,UCaV9EzME7riFC1va3CKhdpA,2024-12-29T21:14:14Z
@geraldelferink9756,"Moin, guten Rutsch und ein gesegnetes neues Jahr fÃ¼r Euch und Euren Familien. Macht bitte im nÃ¤chsten Jahr so weiter ich freu mich drauf und bin dabei. Liebe GrÃ¼ÃŸe aus dem MÃ¼nsterland ğŸ˜€ğŸ˜€ğŸ˜€ğŸ‘ğŸ‘ğŸ‘",DKuYBtyTcqA,UC47-cNIlzmbjiww-_Va6Ycg,2024-12-29T19:15:24Z
@andreasoltersdorf4989,SchÃ¶nes altes Video ğŸ‘,tta2hs31OkQ,UC9wiklEhhzwV1QNDjtApEgA,2024-12-29T21:23:05Z
@Powerstern,Ohv Friends ğŸ’™ Liebe dich und deine Videos ğŸ˜‚,-y_Xf4LgkCA,UCT92wfMNKVmyUET93bPwXFg,2024-12-29T12:50:59Z
@k.wegner,"So isses leider! Im neuen Jahr einfach abschaffen, oder...ğŸ˜‚ Alles Gute fÃ¼r 2025 wÃ¼nsche ich Ihnen, lieber Herr Sonneborn! ğŸ¥‚ğŸ¾ğŸ‰âœŒï¸",BHEw0jMJgCw,UC_F8ioO8qWYGxIQfX0RUEOA,2024-12-29T19:57:32Z
@votec1972,"Ihr seit auch zu dritt die geilsten! Was fÃ¼r eine irre Leistung,  ich ziehe meinen Hut! Euch einen guten Rutsch und herzlichen Dank fÃ¼r die tollen Videos und die vielen Arbeit drumherum!ğŸ‰â¤",vxemiHpt9_A,UC_ECGcj05Pd3W5j6IMw5A9Q,2024-12-30T13:05:56Z
@annis9820,"Liebe Andrea, ich wÃ¼nsche dir einen guten Start ins neue Jahr. ğŸ‰vielen dank fÃ¼r deine tollen Videos ğŸ€ğŸ€ğŸ€",fpT_GkBtIes,UCDCXrk-VTHzncKbx-Jh0lvQ,2024-12-29T10:17:12Z
@newhollandbeste8763,ğŸ˜‚ğŸ˜‚ mega liebe eure Videos â¤â¤,vVyfRDQpYjY,UC79fuV2cr9YCWbHkuiNz1Vg,2024-12-29T09:47:02Z
@jony7292,Moin Tridan ich lieben deine videos und Streams. â¤ğŸ˜Š,1--5Vwwb1X8,UCPZNpsaGsOQ4zrIcUIDKXvQ,2024-12-29T12:07:55Z
@JuliaSchÃ¼tzeneder-k2d,Voll cool ich liebe eure VideosğŸ˜‚ğŸ˜‚,vVyfRDQpYjY,UC79fuV2cr9YCWbHkuiNz1Vg,2024-12-29T11:23:57Z
@Barbara4ox,"Hi Gesa, mega! Freue mich soooooo fÃ¼r Euch! ğŸ¥³ğŸ¥‚âœ¨ Alles Liebe und danke das ihr uns mitnehmtâ€¦ ğŸ¤",9NoH2e3z5Co,UCThG7QeqxXF6GMCdos42_nQ,2024-12-29T18:00:46Z
@elviraeick7921,Lieber Alex ich danke Dir fÃ¼r deineDeine geniale Arbeit in 2024 und ich freu mich auf Dich in 2025 ğŸ¥³ğŸ¥³ allen hier einen guten Rutsch und mit den besten WÃ¼nschen  ğŸ€ğŸ’–ğŸ€,SZW01PWtJdw,UCwLTMMZVlnhM3lhyzADoALA,2024-12-29T15:53:12Z
@inglakeberg9727,"Liebe Petra, so viele Sonntagmorgen ich jetzt schon bei dir verbracht habe- immer wieder eine Freude! Deine Ruhe, tolle Bilder und Motivation an uns es selbst zu tun ist wunderbar- danke â¤ï¸und komm gut in das neue Jahrâœ¨ bis bald ğŸ¤—",5e2ztoPkoOk,UCGwjCpn2cZyAPF7CH982kjA,2024-12-29T22:38:53Z
@inesrahn2567,"Ich liebe diese Serie!!! HÃ¤tte nicht gedacht, dass sie mich so hart fesselt. Mega geiles Projekt. â¤",7bg_zoiJD88,UCnXFGVa7VEoiM2Adftm_Hug,2024-12-30T10:32:37Z
@Toca_toll,Liebe euer Videos pls Pin ğŸ“Œâ¤ï¸âœ¨âœ¨âœ¨(wurde noch nie gepinnt ),MJMsRxxmZ7I,UCea9sGZMrQRiWmgl5IyKUoA,2024-12-30T01:08:08Z
@sevilacikel2257,Erste ich liebe deine videosâ¤â¤â¤ğŸ˜ŠğŸ˜ŠğŸ˜ŠğŸ˜Š,zovTIMWt8Sc,UC2BKi0lRr_0yYcgsR6GKGsA,2024-12-29T14:53:17Z
@yasmiiin9882,Ich liebe eure Reactions â¤und ihr seit so ein sÃ¼ÃŸes Paar nur das Beste fÃ¼r euch â¤â¤â¤ğŸ˜Š,Sj8VldA0AYQ,UCcE2omqOUP0ramMX6gvRNJg,2024-12-29T22:36:46Z
@DAXTROX27,Basti ich liebe dich â¤ï¸,xNXvo5B1Ego,UCgZpwegd4AdDlZNrIamIgRw,2024-12-31T19:46:23Z
@DidiCocoon,Ich  liebe deine Videos Weill sie immer so besonders sin â¤ğŸ˜…,xNXvo5B1Ego,UCgZpwegd4AdDlZNrIamIgRw,2024-12-31T17:54:14Z
@Lea-CelineUhrbach-v3x,"Ich mag dich einfach trotzdem machst du schÃ¶n Videos â¤â¤â¤â¤â¤â¤â¤â¤â¤â¤â¤â¤â¤â¤â¤â¤ Ich mag dich sehr â¤â¤â¤â¤â¤â¤â¤â¤ğŸ–¤ğŸ–¤ğŸ–¤ğŸ–¤ğŸ–¤ğŸ–¤ğŸ–¤ğŸ–¤ğŸ–¤ğŸ–¤ğŸ–¤ğŸ’«ğŸ’«ğŸ’«ğŸ’«ğŸ’«ğŸ’«ğŸ’«",GHXWNjgMlbc,UC8FR4NE5drY4YdYl46CQsXw,2024-12-30T12:49:50Z
@Locutus709,Danke euch fÃ¼r die vielen tollen Videos und einen gesunden Rutsch ins Neue Jahr 2025 ğŸ˜ğŸ––âœ¨ğŸ’«ğŸ‰ğŸŠğŸ¥³ğŸğŸ’šğŸ¤—ğŸ€,3Oep99C86NU,UCP6gDeEEOVpKgzywJ8pfiRw,2024-12-29T11:28:20Z
@Radfahrer_Steve,Guten Rutsch ins neue Jahr ğŸ˜Š Vielen Dank fÃ¼r die ganz vielen tollen Videos im Jahr 2024 ğŸ˜‡,5crsC59fDMk,UCA3mpqm67CpJ13YfA8qAnow,2024-12-30T08:09:27Z
@MehmetAkpinar-hl7dw,Alle die das Video sehen bevor es viral geht ğŸ‘‡,RK0qgkPBwU0,UCZ2rzCiLknwIQRNTUtPToiQ,2024-12-29T19:38:41Z
@claramarieahrens2336,"Sag mal wieso hat er beim Lehrnen diese Maske aufğŸ˜…? Liebe deine Videos trotzdemâ¤ğŸ˜Š",ZW7hcWjrVQ0,UCZ2rzCiLknwIQRNTUtPToiQ,2024-12-29T15:17:53Z
@HuckyKentucky,"KÃ¤mpfe wacker weiter fÃ¼r Gerechtigkeit und die Sache! FÃ¼r AufklÃ¤rung, Frieden, Liebe und Freiheit â£ï¸âœŒğŸ¼ğŸ€ğŸ’™",llQzes5KS44,UCsLN1bEfDJoZOs8udTwHatQ,2024-12-30T19:19:55Z
@LukiStadYT.Official,War nice mal gegen einen pro zu spielen Danke das ich mitmachen durfte! ğŸ¥°,ZWyjKKapGig,UCaDSQPbufzS-STtu9qxf3OA,2024-12-29T19:07:30Z
@Sommertorte,Sehr geile alte Locationâ¤ğŸ­ wÃ¼rde mir mal wieder Locations aus Deutschland wÃ¼nschen. Liebe GrÃ¼ÃŸe aus Niedersachsen,-y_Xf4LgkCA,UCT92wfMNKVmyUET93bPwXFg,2024-12-29T16:09:49Z
@zweitrottelllz673,"Guten Rutsch an alleğŸ‰Und danke fÃ¼r das geile Jahr",1Q2nfoHCEKg,UC6y2ZFjZqFsH2y2B01DL2Jw,2024-12-31T12:45:58Z
@bavaria-Maxentius,"Muss einfach mal danke sagen fÃ¼r beste Unterhaltung das ganze Jahr. Sorgst immer wieder fÃ¼r miese LachkrÃ¤mpfe â¤ï¸ Von einem stillen Zuschauer: Danke BrÃ¶sler",1Q2nfoHCEKg,UC6y2ZFjZqFsH2y2B01DL2Jw,2024-12-31T12:37:27Z
@urmelewutz9922,"Danke, Mouz fÃ¼r die emsige Arbeit und die vielen Tipps in 2024. Komm gut rÃ¼ber und starte erfolgreich rein ins neue Jahr... ğŸ‰",X49y0elanU4,UCXKuRN8edCBTT0Zhk0E-J9A,2024-12-30T20:15:44Z
@yvonneschmidt962,"Lieber Micha, liebe KnÃ¶deltiere und lieber Chat, ich wÃ¼nsche allen ein guten Rutsch und ein gutes neues Jahr. Bleibt alle gesund ğŸ˜»â˜ºï¸",UOJ250KEbDo,UCEB7trmhEVfNY0c5_c5qSvQ,2024-12-31T11:26:22Z
@corneliaklaraghadami8455,Schaue es nochmal ist einfach toll.Vielen Dankâ¤ğŸ˜Š,oUwvvJMdLj0,UCT60JMcMi0evjm-j-I8gwVw,2025-01-06T08:12:52Z
@JasminBosshard,Phahaha ich lach mich tot ğŸ˜‚ğŸ˜‚â¤ Danke fÃ¼r das Video! â¤â¤ğŸ˜‚ğŸ‰,7ThfNHlvgYA,UCxVyBDda4cHz1L-PlA-Z8Jw,2024-12-30T18:50:45Z
@janoschkohler531,"Wahr das das Lezte Video in 2024? ğŸ˜­ğŸ˜­ğŸ˜­ğŸ˜­ğŸ˜­ğŸ˜­ğŸ˜­ğŸ˜­ğŸ˜­ Und ich liebe deine Videos HeiÃŸe FinjağŸ˜Š",V26Th-7dUZk,UCpEnKIOYI_avAF5MXTgHC5g,2024-12-30T10:52:34Z
@vanessageilert,Herzlichen GlÃ¼ckwunsch zu den 20k subscribersğŸ™ŒğŸ»habt ihr echt verdient! Ich liebe eure Reactions ğŸ˜ğŸ˜,NC72iyXdCcs,UCcE2omqOUP0ramMX6gvRNJg,2024-12-31T01:33:12Z
@normalSami,IDzock morgen ist Silvester!!!! â¤ also viel GlÃ¼ck und cooles videoğŸ‰ğŸ‰ğŸ‰â¤â¤â¤,guYj3y0Mu_0,UCtbmy36Z0gtHoJVDQZtBAuA,2024-12-30T18:13:27Z
@PetraNotstrom,Herzlichen Dank fÃ¼r die Informationen ğŸ˜ŠğŸ˜…ğŸ˜Š,wwQtrGksUJY,UCT0Na5WfOReXDKUPwPtHYhw,2024-12-30T21:01:25Z
@HeikoSchrimpf,OMG wie Sie schaut ich Liebe eure Viedeos viel GlÃ¼ck im nÃ¤chsten Jahr mach weiter so â¤â¤â¤â¤ğŸ˜‚ğŸ˜‚ğŸ˜‚ğŸ˜‚ğŸ˜‚,nHtmo_HP9zk,UC2BKi0lRr_0yYcgsR6GKGsA,2024-12-30T16:05:58Z
@jorgbrandt1893,SchÃ¶nes und informatives Video!ğŸ‰ğŸ†ğŸ§¨Vielen Dank dafÃ¼r und bitte weiter so und MEHR DAVON!!âœ¨ï¸ğŸ‘ğŸ‘ğŸ’ªğŸŒŸğŸ’¯Dir einen guten Rutsch und fÃ¼r 2025 Alles Gute!!ğŸ‰,HDLnJp2NR0A,UCbs1zaaIDalmwxTd1vnVylw,2024-12-30T10:08:29Z
@Kirito-AnimeFan,"Hey, Vielen lieben Dank fÃ¼r das Video und fÃ¼r das tolle Jahr hat richtig SpaÃŸ gemacht ^^ und wÃ¼nsche allen einen guten Rutsch ins neue Jahr 2025 und bleibt Gesund âœŒï¸â¤ï¸",pUEaq7SwOD0,UCXGPGV90SPduyn9LVX9s7Kw,2024-12-31T15:06:24Z
@Josho246YT,Frohes neues Jahr und alles Gute fÃ¼r die Zukunft lieber Domi â¤ï¸ğŸ˜Š,pUEaq7SwOD0,UCXGPGV90SPduyn9LVX9s7Kw,2025-01-01T00:29:36Z
@marcelsauerland9235,Ich liebe diesen Kanal ğŸ¥°,Xg6bM3Eyq04,UCfEkarF_pUayXFVWHHsm11w,2024-12-25T14:41:42Z
@steffendurkopp3446,Lieber Basti. Herzlichen GlÃ¼ckwunsch zu deinen 2 Millionen und nur das beste fÃ¼r 2025 fÃ¼r dich. Ich werde mit am Start sein und freue mich auf deine weiteren Projekte. ğŸ‰ğŸ‰ğŸ‰,xNXvo5B1Ego,UCgZpwegd4AdDlZNrIamIgRw,2024-12-31T23:39:14Z